py_sampleID,sampleID,block,plot,vert_pos,leader,num_branches,size_branches,bed,bark_thinkness,slit_length,sed,opening_bare,opening_old,opening_AD,opening_BC,opening_AB,opening_CD,diag_DB,diag_AC,gw_A,gv_A,gw_B,gv_B,gw_C,gv_C,gw_D,gv_D,treeID,strain_new,strain_old,strain_AD,strain_BC,strain_AB,strain_CD,strain_DB,strain_AC,strain_ADBC,strain_ABCD,strain_DBAC,stiffness,stress_new,stress_old,stress_AD,stress_BC,stress_AB,stress_CD,stress_DB,stress_AC,stress_ADBC,stress_ABCD,stress_DBAC
1,10.418.B.L1,10,418,B,L1,h,m,32.26,4.74,250,28.12,4.46,3.69,4.7,4.36,4.97,3.49,8.83,6.24,27.6,24.3,32.66,28.5,31.47,27.8,30.7,26.7,10.418,1323.0308045977,1024.37793103448,1255.91517241379,1221.80114942529,1319.32275862069,823.927816091954,1859.4664,1041.3528,1238.85816091954,1071.62528735632,1450.4096,8.85837349799626,11719.9010164809,9074.32231620808,11125.3656790417,10823.1709218904,11687.0537602688,7298.6603303309,16471.8478781745,9224.6920455842,10974.268300466,9492.85704529985,12848.2699618794
2,11.401.B.L1,11,401,B,L1,l,l,56.79,7.04,300,48.33,7.7,5.87,8.84,6.4,5.62,4.33,11.42,7.62,119.48,104,110.46,96.8,86.63,76.6,94.58,79.8,11.401,2792.35632183908,1970.16091954023,2775.13074712644,1772.42097701149,2126.90517241379,1677.22701149425,2292.423,1988.912,2273.77586206897,1902.06609195402,2140.6675,9.89168347956015,27621.104897781,19488.2082198911,27450.71496497,17532.2272971304,21038.6727565565,16590.5987210697,22675.9227172637,19673.6879726989,22491.4711310503,18814.6357388131,21174.8053449813
3,11.401.M.L1,11,401,M,L1,l,l,40.21,4.22,250,37.15,5.39,3.69,4.26,4.64,4.06,2.66,6.29,8.16,32.82,29.3,37.35,33.5,45.94,40.2,62.2,54.4,11.401,1992.93701149425,1312.4524137931,918.821609195402,1376.38367816092,1750.75264367816,1625.96298850575,1339.47552,2049.1016,1147.60264367816,1688.35781609195,1694.28856,10.8145859951745,21552.7886937706,14193.6294935398,9936.67530686827,14885.0196498258,18933.6650213365,17584.1165641663,14485.873199471,22160.1854660496,12410.847478347,18258.8907927514,18323.0293327603
4,11.402.B.L1,11,402,B,L1,l,m,43.86,6.08,300,39.86,3.1,3.82,3.95,4.15,2.93,4.31,6.86,5.92,38.61,34.4,54.02,48.4,59.44,52.9,70.33,62.1,11.402,868.23754789272,1021.10600255428,983.769157088123,932.655172413793,731,1217.63314176245,1183.73266666667,1084.31666666667,958.212164750958,974.316570881226,1134.02466666667,9.48312614256288,8233.60618837614,9683.27702715037,9329.20701182943,8844.48664751373,6932.16521021346,11546.9686786985,11225.4861970724,10282.7117284833,9086.84682967158,9239.56694445597,10754.0989627779
5,11.405.B.L1,11,405,B,L1,h,s,25.22,3.69,300,23.15,8.06,7.59,4.74,7.11,5.92,3.95,7.81,7.67,9.79,8.2,12.61,10.6,10.39,8.8,10.93,8.4,11.405,1298.04086845466,1172.18486590038,888.578224776501,1216.71200510856,967.088761174968,653.449233716475,969.008444444444,860.002,1052.64511494253,810.268997445721,914.505222222222,12.1079298842296,15716.5878221135,14192.7321676769,10758.8428422471,14731.8636471548,11709.442912133,7911.91750474263,11732.6863025597,10412.8439162972,12745.3532447009,9810.68020843779,11072.7651094285
6,11.411.B.L1,11,411,B,L1,l,s,62.96,7.91,350,58.32,5.74,6.02,8.2,6.96,3.1,10.16,9.21,10.32,119.57,99.9,210.26,175.3,219.07,184.7,251.66,209.3,11.411,1695.47454844007,1712.65681444992,2248.57142857143,1904.45507858316,1132.039408867,3565.2226131832,1740.26579591837,2648.43167346939,2076.51325357729,2348.6310110251,2194.34873469388,13.3277469811922,22596.8557946604,22825.8566886032,29968.391069138,25382.0954244029,15087.5348141178,47516.3849201307,23193.8222080231,35297.6272409755,27675.2432467704,31301.9598671242,29245.7247244993
7,11.411.T.L1,11,411,T,L1,l,s,33.04,3.07,250,31.69,7.19,7.52,7.32,8.89,5.2,6.55,10.79,11.28,33.02,28.3,35.35,31,20.27,17.8,25.78,22,11.411,2184.43770114943,2238.02114942529,2087.97609195402,2430.52873563218,2012.02206896552,2497.11509578544,1913.50058666667,2908.40106666667,2259.2524137931,2254.56858237548,2410.95082666667,14.0032357357195,30589.1960791886,31339.5377369282,29238.4214261785,34035.2668474977,28174.8193371942,34967.6913455073,26795.1997955309,40727.0257505514,31636.8441368381,31571.2553413508,33761.1127730412
8,12.405.T.L1,12,405,T,L1,l,l,30.76,2.69,300,28.15,10.01,8.93,9.93,6.79,9.58,4.24,12.63,9.78,24.53,17.3,21.39,17.6,24.76,20.2,35.85,28.6,12.405,1966.20434227331,1679.64974457216,1918.08045977012,1269.3901660281,1917.09833971903,898.148786717752,1828.51111111111,1095.39777777778,1593.73531289911,1407.62356321839,1461.95444444444,15.3903665209159,30260.6054826027,25850.4251957284,29519.9612924691,19536.3799132188,29504.8461049153,13822.8390179022,28141.4561875672,16858.5732861969,24528.1706028439,21663.8425614087,22500.014736882
9,12.407.M.L1,12,407,M,L1,m,m,39.73,2.63,300,36.75,7.14,5.99,6.64,9.35,11.17,7.1,12.73,10.89,54.18,46.2,53.91,45.2,45.99,39.2,40.85,34.9,12.407,1811.44444444444,1462.69220945083,1687.76388888889,2192.63425925926,3018.43981481481,1895.80092592593,2104.36566666667,2182.05988888889,1940.19907407407,2457.12037037037,2143.21277777778,11.6895942035117,21175.0504777612,17098.2783731182,19729.274972452,25631.0047274583,35284.3365629082,22161.1435147159,24599.1806991358,25507.394628871,22680.1398499551,28722.7400388121,25053.2876640034
10,12.407.T.L1,12,407,T,L1,l,m,40.08,5.99,300,35.35,11.45,10.56,8.12,15.01,8.06,4.31,12.2,13.8,34.72,29.8,44.1,36.8,53.08,44.9,50.12,43.3,12.407,2930.49808429119,2543.2337164751,1801.52849616858,2741.26340996169,2312.72605363985,2256.4995210728,2333.79716666667,2334.54866666667,2271.39595306513,2284.61278735632,2334.17291666667,12.2918264885449,36021.1739771204,31260.987562729,22144.0756890734,33695.1341946459,28427.6273668781,27736.5005845115,28686.6298321243,28695.8671397305,27919.6049418596,28082.0639756947,28691.2484859274
11,12.410.B.L1,12,410,B,L1,m,s,43.79,4.36,300,39.81,9.84,7.9,8.13,8.61,3.67,6.89,10.83,9.33,46.1,40.1,62.96,54.3,47.76,41,47.3,40.3,12.41,2751.55555555556,2108.68454661558,2233.54166666667,2344.69444444444,1681.27314814815,2190.19907407407,2262.96988888889,1831.88166666667,2289.11805555556,1935.73611111111,2047.42577777778,13.2885034807359,36564.0555774381,28021.261937475,29680.4262118686,31157.480286262,22341.6040812344,29104.4680193377,30071.4832453005,24342.9659037962,30418.9532490654,25723.0360502861,27207.2245745483
12,12.410.M.L1,12,410,M,L1,l,s,33.82,3.37,300,33.08,6.23,4.71,4.45,3.38,8.07,9.59,11.94,8.09,31.08,27.1,40.23,34.9,26.26,22.8,31.41,27.1,12.41,1345.45721583653,1006.0632183908,1228.2966155811,884.913473818646,1554.40261813538,1628.91028097063,1539.18577777778,1232.55111111111,1056.60504469987,1591.656449553,1385.86844444444,12.7199748709814,17114.1819754212,12797.0988565496,15623.9020843031,11256.077149966,19771.9622420697,20719.6978410296,19578.4044151053,15678.0191605335,13439.9896171345,20245.8300415496,17628.2117878193
13,12.410.T.L1,12,410,T,L1,l,s,32.64,1.93,300,25.32,6.47,6.72,6.95,6.76,3.75,6.91,9.28,8.25,22.87,19.7,19.1,15.5,22.36,18.4,22.51,18.5,12.41,1348.53639846743,1243.58620689655,1344.88888888889,1282.3601532567,839.448275862069,1586.14559386973,1353.83466666667,1189.54666666667,1313.6245210728,1212.7969348659,1271.69066666667,12.9679328546554,17487.7294673844,16126.74243001,17440.4288080832,16629.5603629185,10885.9088763355,20569.0295590101,17556.4370536381,15425.9613008125,17034.9945855009,15727.4692176728,16491.1991772253
14,12.413.T.L1,12,413,T,L1,l,s,21.74,2.89,250,20.03,8,7.02,7.82,5.48,4.3,5.45,10.98,6.84,12.62,10.6,11.69,9.9,13.4,11.4,11.78,10.1,12.413,1599.26436781609,1348.16275862069,1650.74068965517,1130.97977011494,918.577471264368,1429.34252873563,1428.92672,1207.0048,1390.86022988506,1173.96,1317.96576,16.6369823837209,26606.9331142689,22429.360065561,27463.3437738844,18816.090511747,15282.3572075082,23779.9464708778,23773.0286682681,20080.9175946666,23139.7171428158,19531.151839193,21926.9731314674
15,12.417.B.L1,12,417,B,L1,h,s,35.23,3.44,300,27.2,4.13,4.3,4.64,6.03,2.83,6.53,4.79,9.67,33.26,29,28.03,24.4,30.96,26.9,28.4,25.1,12.417,929.118135376756,857.116858237548,841.943007662835,1274.44412515964,834.069125159642,1574.77650063857,875.269777777778,1467.52522222222,1058.19356641124,1204.42281289911,1171.3975,10.6466000516655,9891.94918810551,9125.38038719524,8963.83046888253,13568.4968887694,8880.00039101723,16766.0155730602,9318.64726131013,15624.1541067315,11266.163678826,12823.0079820388,12471.4006840208
16,12.995.M.L1,12,995,M,L1,m,s,47.79,11.39,300,44.08,5.57,3.96,6.95,5.05,3.28,5.6,8.58,6.6,90.98,77.4,53.03,45.2,64.2,55.8,79.46,68.2,12.995,1699.81034482759,1161.57471264368,1832.94181034483,1463.30172413793,1179.1099137931,1808.52801724138,1825.3125,1349.5365,1648.12176724138,1493.81896551724,1587.4245,11.7979073346085,20054.2049346848,13704.1508219946,21624.8776281778,17263.8981439521,13911.0295002492,21336.845959457,21534.8677317025,15921.7065716718,19444.387886065,17623.9377298531,18728.2871516872
17,13.404.M.L2,13,404,M,L2,l,m,32.05,4.58,250,31.11,4.86,3.95,4.48,2.99,5.84,4.7,4.29,8.99,31.8,26.8,34.9,29.3,29.36,24.6,30.46,25.3,13.404,1432.30344827586,1147.04367816092,1181.72143997446,1138.9903256705,828.02182311622,1172.6995210728,946.6499,1311.21227777778,1160.35588282248,1000.36067209451,1128.93108888889,11.5798460344351,16585.853405625,13282.5891878756,13684.1523304952,13189.3326059755,9588.3652248381,13579.6798986788,10962.0600905134,15183.6362951277,13436.7424682354,11584.0225617585,13072.8481928205
18,13.415.B.L2,13,415,B,L2,h,m,38.61,7.11,300,33.65,6.05,3.08,9.01,4.67,8.47,4.03,9.03,10.08,47.66,40.9,43.67,36.7,38.54,33.1,26.76,21.7,13.415,1491.63793103448,710.602809706258,1384.56401660281,1189.47262132822,1881.19133141762,1804.72509578544,1440.49111111111,1587.37166666667,1287.01831896552,1842.95821360153,1513.93138888889,10.6618888214162,15903.6777824969,7576.36815327407,14762.0676111526,12682.0248447199,20057.0528273865,19241.778324484,15358.3560749049,16924.3802282661,13722.0462279363,19649.4155759353,16141.3681515855
19,13.415.T.L2,13,415,T,L2,m,m,36.41,6.13,300,30.48,7.19,6.93,10.99,10.99,6.08,8.34,13.71,12.56,33.65,30,26.63,23.9,19.13,17.1,21.14,18.9,13.415,1671.69795657727,1480.03735632184,1838.51899744572,2355.25734355045,1901.87611749681,1936.75159642401,1797.03577777778,2169.63144444444,2096.88817049808,1919.31385696041,1983.33361111111,12.5407261346964,20964.3062533672,18560.7431547523,23056.3632404034,29536.6373221988,23850.9075316472,24288.2713616896,22536.1335433623,27208.7537580035,26296.500281301,24069.5894466684,24872.4436506829
20,13.995.M.L1,13,995,M,L1,m,s,41.42,4.84,300,40.11,7.86,6.12,3.06,10.05,7.45,9.25,9.24,13.9,48.78,42,48.41,41.6,53.8,46.8,50.35,43.8,13.995,2078.93486590038,1593.11494252874,968.053639846743,2986.81577266922,2279.29022988506,2102.73946360153,1835.36622222222,2405.58155555556,1977.43470625798,2191.0148467433,2120.47388888889,11.2574045837276,23403.410888658,17934.339456428,10897.7714825049,33623.7935699963,25658.8922815536,23671.3888759328,20661.4601228632,27080.6048300417,22260.7825262506,24665.1405787432,23871.0324764525
21,13.995.T.L1,13,995,T,L1,m,m,34.22,3.88,300,30.87,9.81,8.04,8.89,11.65,5.51,10.29,14.6,12.09,38.28,33.1,36.65,32.3,29.99,26.3,39.53,34.3,13.995,2143.66666666667,1670.89272030651,1719.74074074074,2156.23148148148,1508.87037037037,2391.68518518519,1943.31577777778,1994.64577777778,1937.98611111111,1950.27777777778,1968.98077777778,10.4041841123583,22303.1026755255,17384.2754940682,17892.4992921901,22433.8293221964,15698.5651350156,24883.5330054665,20218.6151404508,20752.6619109382,20163.1643071933,20291.0490702411,20485.6385256945
22,1.405.M.L1,1,405,M,L1,m,m,28.28,3.63,300,27.05,6.05,6.73,10.81,4.48,8.36,7.11,7.49,14.86,22.12,19.4,20.54,17.9,18.28,15.1,22.04,21.8,1.405,1092.55427841635,1188.92369093231,1656.8901660281,883.524265644955,1722.35312899106,1468.17624521073,1284.54044444444,1697.74266666667,1270.20721583653,1595.26468710089,1491.14155555556,9.71740632925816,10616.7938601411,11553.2545992706,16100.6749862471,8585.56429103145,16736.8051968753,14266.8651376772,12482.4014450325,16497.6553345183,12343.1196386393,15501.8351672762,14490.0283897755
23,1.410.M.L1,1,410,M,L1,l,s,47.28,5.89,300,46.24,7.25,5.82,5.13,8.63,2.81,4.96,6.72,12.43,75.38,65.8,77.65,67.7,48.42,42.4,49.67,43.2,1.41,2188.88888888889,1737.82375478927,1410.70114942529,2283.99233716475,1051.4214559387,1625.81609195402,1152.056,2400.248,1847.34674329502,1338.61877394636,1776.152,10.6726607313026,23361.268489629,18547.2033456642,15055.9347610747,24376.2753274542,11221.4644848459,17351.7835609175,12295.5028314615,25617.0325749875,19716.1050442645,14286.6240228817,18956.2677032245
24,14.403.B.L1,14,403,B,L1,l,s,50.05,6.39,300,42.31,5.88,5.05,8.35,4.19,6.04,4.57,8.28,12.51,63.25,54.5,55.92,46.7,97.86,81.6,69.79,57.7,14.403,1879.27203065134,1489.20178799489,2369.86430395913,1393.47381864623,2663.90006385696,1831.33141762452,1966.965,2702.7,1881.66906130268,2247.61574074074,2334.8325,12.4724813236869,23439.185304426,18574.0414879674,29558.0882708025,17380.0761781118,33225.4437946243,22841.2469038029,24532.9342268458,33709.3752735286,23469.0822244571,28033.3453492136,29121.1547501872
25,14.403.M.L1,14,403,M,L1,l,m,40.99,5.45,300,40.36,9.85,8.57,5.71,11.38,5.52,11.68,6.93,15.2,68.32,57,88.63,73.7,36.72,31.6,37.06,31.9,14.403,2578.2343550447,2225.95625798212,1435.69699872286,2738.55603448276,2352.47525542784,1620.23052362708,1315.32355555556,2780.03288888889,2087.12651660281,1986.35288952746,2047.67822222222,13.0101592899735,33543.2396460137,28960.0454888607,18678.6466455213,35629.0502331389,30606.0777988373,21079.4571988655,17112.5689756322,36168.6707158097,27153.8484393301,25842.7674988514,26640.6198457208
26,14.403.T.L1,14,403,T,L1,l,l,35.5,3.05,300,32.76,5.38,4.59,6.87,6.2,7.47,3.35,9.28,8.13,38.47,33.2,54.66,47,37.64,30.4,36.76,31.4,14.403,1219.60408684547,1000.36206896552,1092.08971902937,1275.14367816092,1697.92464878672,977.043422733078,1441.69444444444,1136.39444444444,1183.61669859515,1337.4840357599,1289.04444444444,10.0162107437179,12215.8115577439,10019.8373027804,10938.6007768459,12772.1078089794,17006.7711092011,9786.27282785801,14440.3153836029,11382.3662435458,11855.3542929127,13396.5219685295,12911.3408135743
27,14.407.B.L1,14,407,B,L1,l,s,54.37,7.77,300,45.37,7.2,6.8,7.78,7.83,6.77,5.32,9.34,10.66,79.69,66.3,79.23,65.9,82.91,68.9,89.78,75,14.407,2499.77011494253,2165.49169859515,2422.52027458493,2428.59610472541,2562.26436781609,2166.46743295019,2241.85633333333,2063.64355555556,2425.55818965517,2364.36590038314,2152.74994444444,10.2556614298394,25636.7959512813,22208.5496899197,24844.5477430646,24906.8593998906,26277.7158500633,22218.5564911105,22991.7195290078,21164.0296176478,24875.7035714776,24248.1361705869,22077.8745733278
28,14.407.M.L1,14,407,M,L1,m,m,43.69,5.42,300,42.53,10.55,10.74,12.26,13.09,8.25,5.32,11.24,18.57,62.21,53.1,97.99,82.6,61.24,51.8,64.23,54.7,14.407,2943.35568326948,2956.58620689655,2962.1875798212,2877.79278416347,2464.88601532567,1706.72780970626,1903.42766666667,3305.39122222222,2919.99018199234,2085.80691251596,2604.40944444444,11.7461603636537,34573.1278629548,34728.5357151735,34794.3303398031,33803.0155361496,28952.9464141427,20047.4985499172,22357.9666132819,38825.6553608355,34298.6729379764,24500.2224820299,30591.8109870586
29,14.407.T.L1,14,407,T,L1,m,l,39.54,4.78,300,38.9,11.16,9.11,9.68,11.01,6.3,6.26,10.69,13.3,63.44,54.5,73.6,63.2,41.56,36.2,47.89,41.1,14.407,2817.79310344828,2281.57215836526,2156.89942528736,2485.76819923372,1589.42720306513,1797.73180076628,2349.11533333333,1831.14133333333,2321.33381226054,1693.57950191571,2090.12833333333,12.1851793276521,34335.3142737385,27801.3658986588,26282.2062888361,30289.5312746376,19367.455497597,21905.68437536,28624.3915980037,22312.7855209425,28285.8687817369,20636.5699364786,25468.5885594731
30,14.410.M.L1,14,410,M,L1,l,m,27.16,2.97,300,24.9,12.23,10.37,3.6,21.07,11.08,11.83,16.74,18.24,23.1,20.7,22.02,19.4,18.38,16.1,20.1,17.9,14.41,2121.11621966794,1723.69795657727,943.922733077905,3946.95849297573,1860.52937420179,1996.67624521073,2058.728,2429.31111111111,2445.44061302682,1928.60280970626,2244.01955555556,9.55798665956004,20273.6005309626,16475.0820740764,9022.00089041407,37724.9766216992,17782.9149383403,19084.2049151846,19677.2947596627,23219.323191921,23373.4887560567,18433.5599267624,21448.3089757919
31,14.414.B.L1,14,414,B,L1,l,m,31.7,4.31,200,29.88,2.46,2.72,3.78,2.15,1.4,2.77,6.7,8.55,25.09,21,26.38,22.2,40.45,33.7,36.6,30.8,14.414,1120.43103448276,1203.28735632184,1423.88110632184,522.640086206897,975.822557471264,1346.4529454023,1270.77375,1795.40875,973.260596264368,1161.13775143678,1533.09125,9.39628109302688,10527.8849453509,11306.4262356852,13379.1871180501,4910.87316048381,9169.10304691638,12651.650353534,11940.5473606399,16870.16529188,9145.03013926695,10910.3767002252,14405.3563262599
32,14.414.M.L1,14,414,M,L1,l,m,28.85,3.28,300,25.06,5.28,4.63,6.19,5.9,5.42,3.27,8.84,6.49,18.86,16,22.02,18.8,23.18,19.7,33.44,28.3,14.414,972.72030651341,796.945402298851,1175.37037037037,971.799169859515,1010.02634099617,739.672733077906,1006.54444444444,1242.47333333333,1073.58477011494,874.849537037037,1124.50888888889,8.77066769275485,8531.40656642376,6989.74329283205,10308.7829344287,8523.32758293283,8858.6053978065,6487.42374321807,8828.06684021072,10897.3207237761,9416.05525868074,7673.01457051227,9862.69378199344
33,14.415.B.L1,14,415,B,L1,m,m,41.01,56.3,300,37.1,4.13,4.45,8.26,3.1,5.55,0.5,7.09,7.51,54.98,45.3,46.43,38.8,43.31,35.7,29.69,24.6,14.415,1081.55363984674,1109.80044699872,1497.28400383142,739.803639846743,1623.6398467433,390.197318007663,1068.53833333333,1245.337,1118.54382183908,1006.91858237548,1156.93766666667,12.1711651766082,13163.7679979365,13507.5645534951,18223.6909269255,9004.2722988307,19761.5887620356,4749.1560089408,13005.3565525376,15157.2023275418,13613.9816128781,12255.3723854882,14081.2794400398
34,14.415.M.L1,14,415,M,L1,l,m,35.11,4.26,300,33.76,4.11,4.58,5.37,3.34,5.23,8.29,9.48,6.04,40.44,34.2,31.61,26.9,30.39,24.7,36.03,30.9,14.415,921.469348659004,1007.10280970626,1444.98052362708,777.419699872286,1074.48706896552,1518.96711366539,1577.21922222222,882.041222222222,1111.20011174968,1296.72709131545,1229.63022222222,12.7096362993335,11711.5402824397,12799.9104274035,18365.1769149207,9880.72163731379,13656.3398548887,19305.5195653355,20045.8826787621,11210.4231354641,14122.9492761172,16480.929710112,15628.1529071131
35,14.995.B.L1,14,995,B,L1,l,m,63.41,8.08,300,8.03,6.59,9.32,8.61,10.58,6.17,8.57,12.5,12.32,95.99,81.2,100.64,84.4,116.04,92,143.42,124.6,14.995,2668.40293742018,2125.86462324393,2990.3119412516,3694.86749680715,3185.68438697318,3652.35121328225,3428.36733333333,3599.57433333333,3342.58971902937,3419.01780012771,3513.97083333333,12.8852290096136,34382.9829385846,27392.2525139339,38530.854173209,47609.2138565378,41048.2728784998,47061.3818066818,44175.2982190781,46381.339622127,43070.0340148733,44054.8273425907,45278.3189206026
36,14.995.T.L1,14,995,T,L1,l,s,36.34,3.68,300,34.99,9.59,8.19,8.86,10.49,5.63,9.72,11.92,12.49,38.29,32.4,32.44,27.4,42.99,36.2,42.03,35.4,14.995,2225.41890166028,1865.23850574713,1901.12037037037,2203.37356321839,1390.01660280971,2518.3898467433,2133.56177777778,1834.36244444444,2052.24696679438,1954.2032247765,1983.96211111111,12.3246077710378,27427.4150892166,22988.3329827699,23430.5628903449,27155.7149397405,17131.4094248601,31038.1670756751,26295.3120663892,22607.7976376998,25293.1389150427,24084.7882502675,24451.5548520445
37,15.402.M.L1,15,402,M,L1,l,m,54.11,7.01,300,48.62,5.12,9.74,6.9,7.78,3.23,3.58,8.15,9.94,76.67,67,110.34,95.6,60.3,52.4,63.09,54.4,15.402,1769.11366538953,3194.73243933589,1769.68954874415,2101.39836100468,1425.02336100468,1445.17927841635,1666.588,2052.77307407407,1935.54395487441,1435.10131971052,1859.68053703704,11.0429865007233,19536.2983251416,35279.3872010089,19542.6577972527,23205.7137332167,15736.51373879,15959.0952626767,18404.1087862674,22668.7453460482,21374.1857652346,15847.8045007334,20536.4270661578
38,15.402.T.L1,15,402,T,L1,l,s,36.67,4.01,300,30.15,5.72,6.87,4.92,7.16,2.83,4.29,6.26,8.3,33.75,29.2,37.97,32.6,38.57,32.8,51.46,43.8,15.402,1339.41507024266,1465.6877394636,937.824712643678,1409.0787037037,737.029533844189,1186.03799489144,1095.21066666667,1483.50522222222,1173.45170817369,961.533764367816,1289.35794444444,12.5600719723633,16823.1496831158,18409.1434966732,11779.1458882655,17698.1299332428,9257.14399084035,14896.7225777939,13755.9247982333,18632.9323624878,14738.6379107541,12076.9332843171,16194.4285803605
39,15.407.B.L1,15,407,B,L1,l,l,34.92,3.75,300,33.4,8.69,7.25,7.12,9.31,7.75,4.07,11.15,10.9,33.77,28.4,44.14,37.4,46.26,39.4,52.25,44.8,15.407,1937.77011494253,1581.48148148148,1508.51724137931,1797.84482758621,1918.81609195402,1181.83908045977,1759.192,1722.72,1653.18103448276,1550.3275862069,1740.956,13.6221431883937,26396.5819719373,21543.1671905337,20549.2378642296,24490.4996718924,26138.3875567917,16099.1811796625,23963.9653198767,23467.1385135096,22519.868768061,21118.7843682272,23715.5519166932
40,15.407.T.L1,15,407,T,L1,l,l,31.93,3.13,300,36.1,11.15,9.31,8.05,12.16,9.2,5.13,12.71,13.21,30.95,26.3,44.49,37.6,24.37,20.4,27.98,23.7,15.407,2273.43231162197,2022.21998722861,1551.64303959132,2471.21072796935,2096.55316091954,1174.4367816092,1737.70155555556,2136.47177777778,2011.42688378033,1635.49497126437,1937.08666666667,12.7744226286384,29041.7851662615,25832.6927649381,19821.3439565247,31568.2902435057,26782.256140994,15002.7517988938,22198.1340731091,27292.1934234918,25694.8171000151,20892.5039699439,24745.1637483005
41,15.410.B.L1,15,410,B,L1,h,m,63.71,8.05,350,51.05,8.7,7.33,5.51,7.91,6.58,9.77,9.63,11.87,242.5,204,174.29,188.3,197.54,168,171,143.9,15.41,2600.40816326531,1973.23668777856,1910.70220501994,2598.91367581515,2003.36042692939,2625.06720619282,2050.16179591837,2659.69746938776,2254.80794041755,2314.21381656111,2354.92963265306,13.1843547525381,34284.7037258858,26015.8525023957,25191.3756974396,34264.9998731697,26413.0145658332,34609.8172957001,27030.0604174883,35066.394970836,29728.1877853047,30511.4159307667,31048.2276941621
42,15.410.M.L1,15,410,M,L1,l,l,50.06,7.32,350,44.62,6.69,4.84,7.13,5.57,12.19,6.92,11.44,10.85,153.7,131.3,177.64,151.8,87.86,77.8,113.34,103.1,15.41,1571.20056298381,1074.95003518649,1727.38118695754,1342.2139338494,2311.59066385175,1678.64813511612,1611.31902040816,1940.28473469388,1534.79756040347,1995.11939948393,1775.80187755102,12.0690646895009,18962.9212348319,12973.641512647,20847.8752888174,16199.2667947779,27898.7372576732,20259.7129336265,19447.1134927293,23417.4219790716,18523.5710417977,24079.2250956498,21432.2677359005
43,15.414.M.L1,15,414,M,L1,h,m,56.81,7.83,300,52.3,5.75,5.86,5.76,7.55,4.26,7.7,8.04,12.32,87.31,74.8,115.62,98.7,75.24,64,88.08,74.1,15.414,2085.93550446999,2041.45785440613,2029.70593869732,2445.07918263091,1829.27474457216,3122.55475734355,2199.80944444444,3199.03422222222,2237.39256066411,2475.91475095785,2699.42183333333,9.43786078696369,19686.7689017726,19266.9950323386,19156.0820878988,23076.3169387735,17264.4403803806,29470.2370994796,20761.4952945146,30192.039642066,21116.1995133361,23367.3387399301,25476.7674682903
44,15.995.B.L1,15,995,B,L1,m,m,36.33,5.84,300,33.78,6.39,6.45,7.51,5.45,6.91,4.05,8.5,11.47,33.65,28.2,49.88,41.8,39.53,33.5,53.11,44.9,15.995,1482.43103448276,1443.83620689655,1462.71168582375,1140.82231800766,1600.74712643678,1149.52203065134,1341.788,1792.68366666667,1301.76700191571,1375.13457854406,1567.23583333333,11.9098930028927,17655.5950048573,17195.9347378404,17420.7396722417,13587.0717427833,19064.7270005501,13690.6843895254,15980.5515125654,21350.6706580335,15503.9057075126,16377.7056950378,18665.6110852994
45,15.995.M.L1,15,995,M,L1,l,l,31.62,4.7,300,39.34,5.9,5.29,5.42,5.82,5.09,7.12,9.3,9.2,31.62,26.8,24.26,20.6,27.64,23.3,33.66,28,15.995,1191.30268199234,1198.52618135377,1069.14367816092,1102.96455938697,1268.53544061303,1696.59674329502,1158.346,1448.196,1086.05411877395,1482.56609195402,1303.271,10.565011746939,12586.126829409,12662.4431850165,11295.5155189357,11652.8335263807,13402.0918314851,17924.5645227303,12237.9390970198,15300.2077518701,11474.1745226583,15663.3281771077,13769.0734244449
46,16.401.T.L1,16,401,T,L1,l,m,30.65,4.45,300,27.86,14,9.8,8.76,6.61,8.76,10.35,9.91,14.79,26.91,23,20.32,18.1,24.88,21.6,33.73,28.9,16.401,2740.10217113665,1830.77266922095,2153.91602809706,1412.62053001277,1626.44636015326,1643.57199872286,1382.65555555556,2049.12277777778,1783.26827905492,1635.00917943806,1715.88916666667,12.3040241075463,33714.2831708054,22525.8710575315,26501.8347353367,17380.917056092,20011.8352249567,20222.5494947742,17012.2272879885,25212.4560571001,21941.3758957144,20117.1923598654,21112.3416725443
47,16.403.M.L1,16,403,M,L1,m,s,61.31,7.67,350,57.52,12.44,10.25,11.71,13.23,12.18,10.59,20.12,14.15,214.37,180,196.34,167.5,212.45,181.8,228.96,196.1,16.403,3578.21440300258,2857.16045038705,3154.66772226132,3496.95672061928,3371.83427163969,3550.16971616233,4029.44334693878,2828.76832653061,3325.8122214403,3461.00199390101,3429.10583673469,13.0515586158357,46701.2750208157,37290.3970930741,41173.3306905785,45640.7356162031,44007.6926391891,46335.2481466575,52590.5160317607,36919.8356243337,43407.0331533908,45171.4703929233,44755.1758280471
48,16.403.T.L1,16,403,T,L1,m,m,59.84,5.9,350,56.02,10.52,11.58,11.63,12.12,6.68,6.91,17.08,8.39,200.96,172.2,162.71,141.6,277.13,235.5,191.85,165.2,16.403,2953.39807647197,3147.21745249824,2294.35796387521,3328.88951442646,2136.4410039878,1984.13886934084,3323.19608163265,1673.07755102041,2811.62373915083,2060.28993666432,2498.13681632653,10.9121788852835,32228.0081299144,34342.9998325471,25036.4445286812,36325.4378707662,23313.2264133696,21651.2782754915,36263.3101136488,18256.9215256868,30680.9411997236,22482.2523444305,27260.1158196678
49,16.416.B.L1,16,416,B,L1,h,m,56.26,12.3,350,52.1,9.5,8.7,14.36,8.6,11.15,10.23,15.05,17.11,131.69,113.5,134.06,117.8,156.44,136.9,212.24,179.7,16.416,2507.48299319728,2211.42857142857,3282.16326530612,2157.09523809524,2824.87755102041,2564.23129251701,1842.57240816327,3675.04097959184,2719.62925170068,2694.55442176871,2758.80669387755,7.77736319799451,19501.6059508897,17199.0831864221,25526.5757894013,16776.5131193311,21970.098704147,19942.9580855677,14330.3548368891,28582.1284657993,21151.5444543662,20956.5283948574,21456.2416513442
50,16.416.M.L1,16,416,M,L1,m,m,52.01,8.35,300,50.67,9.6,9.54,7.17,8.47,8.96,12.39,10.83,15.25,64.88,55.9,81.5,70.6,79.12,68.4,91.35,78.3,16.416,3188.35249042146,3127.6091954023,2590.53639846743,3239.00079821201,2947.56545338442,2862.8748403576,2610.902,3566.15233333333,2914.76859833972,2905.22014687101,3088.52716666667,7.78241710081063,24813.0889448681,24340.3592869514,20160.6347677053,25207.2552015444,22939.1837901775,22280.0861150795,20319.1283733407,27753.284903029,22683.9449846249,22609.6349526285,24036.2066381849
51,16.417.M.L1,16,417,M,L1,m,m,36.44,6.38,300,34.81,7.09,7.14,11.09,8.82,6.95,9.68,12.1,12.64,49.33,41.9,57.24,47.8,71.26,59.4,60.78,51.4,16.417,1649.80587484036,1624.2816091954,2100.65197956577,1600.35823754789,1589.88697318008,2267.02873563218,1601.33555555556,2197.332,1850.50510855683,1928.45785440613,1899.33377777778,12.1078881271526,19975.6649640863,19666.6200111294,25434.4591626641,19376.958503597,19250.1736060817,27448.9303120747,19388.7917606985,26605.0500342125,22405.7088331305,23349.5519590782,22996.9208974555
52,16.417.T.L1,16,417,T,L1,l,s,29.49,3.81,300,27.63,6.58,5.54,6.04,8.68,8.4,8.29,12.02,10.39,26.95,23.4,41.41,35.9,25.82,22.6,28.4,24.9,16.417,1239.10727969349,1010.3601532567,945.807950191571,1562.06609195402,1838.88793103448,1716.95450191571,1528.23733333333,1496.45366666667,1253.9370210728,1777.9212164751,1512.3455,12.4656959541534,15446.3346032372,12594.8424746899,11790.1543381092,19472.2409625915,22923.0178420381,21403.0327879962,19050.5419431195,18654.3364181448,15631.1976503504,22163.0253150172,18852.4391806321
53,16.419.B.L1,16,419,B,L1,l,l,44.27,6.65,350,37.06,10.93,10.54,11.18,8.54,16.95,8.92,12.39,25.61,42.14,35.4,61.15,52,61.09,51.3,73.18,60.07,16.419,2270.09664555477,2010.83321604504,2858.90945343655,2238.16367581515,3443.30876143561,1885.34330283838,2257.58930612245,3131.06351020408,2548.53656462585,2664.32603213699,2694.32640816327,10.6201569124282,24108.7825821686,21355.364279121,30362.0669939205,23769.649432854,36568.479344385,20022.6417099392,23975.9526748403,33252.3857811456,27065.8582133872,28295.560527162,28614.169227993
54,16.419.M.L1,16,419,M,L1,m,m,38.66,5.19,200,36.22,4.12,5.33,2.6,2.07,4.41,5.54,6.71,4.76,49.3,44,46.1,40.5,37,32.5,56.6,48.5,16.419,2288.49425287356,2867.1724137931,1914.25323275862,1880.92564655172,1888.5632183908,2343.34590517241,2941.54275,1811.221,1897.58943965517,2115.95456178161,2376.381875,10.2008059709383,23344.4858391706,29247.4694783303,19526.9258066121,19186.9575662358,19264.8669546554,23904.0169014566,30006.1068479703,18475.9139914889,19356.941686424,21584.441928056,24241.0104197296
55,17.404.B.L1,17,404,B,L1,m,l,52.69,5.52,300,44.64,7.4,4.87,5.1,6.12,7.8,4.57,9.12,7.91,114.2,99.2,61.2,57.4,129.84,113.9,71,61,17.404,2489.82120051086,1513.40070242656,1625.95418263091,1851.38393997446,3097.97685185185,1860.63665389527,2234.056,1998.12188888889,1738.66906130268,2479.30675287356,2116.08894444444,11.8072249330171,29397.8789574265,17869.0625073365,19198.0067651032,21859.7066166539,36578.5095270951,21968.9554911578,26378.0017049565,23592.2745856962,20528.8566908785,29273.7325091265,24985.1381453263
56,17.404.B.L2,17,404,B,L2,l,s,42.71,5.87,300,36.81,7.56,6.04,5.49,8.06,7.65,0,8.14,6.64,41.06,34.2,54.58,45,47.65,39.7,48.02,39.8,17.404,2061.86206896552,1533.52745849298,1426.39399744572,2024.36127075351,2661.8748403576,0,1577.42266666667,1556.54222222222,1725.37763409962,1330.9374201788,1566.98244444444,10.7284241064659,22120.5307248973,16452.3329536235,15302.9597475149,21718.2062573479,28557.7222056875,0,16923.2593631524,16699.2450996208,18510.5830024314,14278.8611028438,16811.2522313866
57,17.404.M.L1,17,404,M,L1,l,m,42.49,4.66,300,41.51,10.55,8.79,11.59,12,10.34,10.07,14.63,17.72,57.1,49.3,62.17,53.2,41.31,35.7,49.69,42.9,17.404,2862.51277139208,2357.47126436782,3340.72876756066,3106.70817369093,3118.91794380587,3121.63122605364,3144.73211111111,3240.09855555556,3223.7184706258,3120.27458492976,3192.41533333333,14.6283634734513,41873.8772673198,34485.9465333893,48869.3946780924,45446.0563706931,45624.6653258617,45664.3562047881,46002.2843479672,47397.3393604714,47157.7255243928,45644.510765325,46699.8118542192
58,17.404.M.L2,17,404,M,L2,m,m,32.12,4.77,300,28.88,8.8,8.97,9.2,11.36,7.23,9.27,13.92,12.77,26.81,23,29.61,25.3,34.89,30.2,31.35,27.1,17.404,1804.95530012771,1747.030651341,1443.96424010217,2075.18582375479,1619.33205619413,2013.1404853129,1785.15822222222,1755.53644444444,1759.57503192848,1816.23627075351,1770.34733333333,11.29923453512,20394.613261551,19740.1090695455,16315.6906092408,23448.0113265617,18297.2126931757,22746.9464956958,20170.9214351868,19836.2180207285,19881.8509679012,20522.0795944357,20003.5697279576
59,17.418.M.L1,17,418,M,L1,l,m,58.56,5.99,300,53.45,6.38,6.3,7.16,8.57,4.26,4.4,8.24,10.23,153.45,143.7,191.03,163.9,97.44,83.9,122.84,104.9,17.418,2385.77777777778,2253.07471264368,2423.1724137931,2559.66283524904,1908.06130268199,1973.50191570881,2350.85866666667,2297.504,2491.41762452107,1940.7816091954,2324.18133333333,10.934048430278,26086.2097661034,24635.2280250808,26495.0845273275,27987.4774057958,20862.8346914643,21578.3655236066,25704.4025140722,25121.0200047575,27241.2809665616,21220.6001075355,25412.7112594148
60,18.419.B.L1,18,419,B,L1,l,s,26.28,5.37,200,20.23,3.26,3.2,2.67,2.58,2.67,2.22,5.53,2.43,12.78,10.7,15.38,13,13.79,11.7,15.38,12.7,18.419,1230.93103448276,1069.19540229885,1129.2974137931,979.206896551724,892.991379310345,899.599137931035,907.098,1262.535,1054.25215517241,896.29525862069,1084.8165,10.1282308088974,12467.1536270762,10829.0578142947,11437.7848587874,9917.63345793997,9044.42280001081,9111.34770445064,9187.2979102892,12787.2458843113,10677.7091583637,9077.88525223072,10987.2718973002
61,19.417.B.L1,19,417,B,L1,h,m,31.5,3.35,300,30.37,9.37,8.12,8.38,8.75,4.36,9.54,10.68,11.51,46.41,39.5,60.69,52.1,44.51,38.7,48.23,40.6,19.417,1884.77011494253,1604.03703703704,1464.36781609195,1535.27298850575,1102.80172413793,2164.87068965517,1752.1,1491,1499.82040229885,1633.83620689655,1621.55,8.86321711486116,16705.1267403375,14216.9285195379,12979.009890038,13607.4578277082,9774.37111567769,19187.718948013,15529.2427069482,13215.056718258,13293.2338588731,14481.0450318453,14372.1497126031
62,19.420.B.L1,19,420,B,L1,m,s,34.73,8.03,350,28.02,20.97,18.13,22.8,20.25,9.98,18.04,25.38,26.84,55.22,46.9,43.04,36.5,42.78,36.3,38.55,32.7,19.42,3416.78676988037,2668.67816091954,3789.91226835562,2938.56697161623,2062.78114004222,2906.38693408398,2646.28424489796,2710.35755102041,3364.23961998592,2484.5840370631,2678.32089795918,13.323486538206,45523.5125324214,35556.0975518158,50494.8450884178,39151.9574879456,27483.4367506177,38723.2071910857,35257.7325131645,36111.4123447454,44823.4012881816,33103.3219708517,35684.5724289549
63,19.420.M.L1,19,420,M,L1,h,m,27.21,4.4,300,20.54,9.33,8.36,7.91,12.14,9.8,8.45,17.58,8.26,23,19.5,24.85,21.3,21.56,18.2,24.58,21,19.42,1621.13218390805,1274.55300127714,1262.3285440613,1949.52873563218,1788.37116858238,1471.26867816092,1777.72,1424.59466666667,1605.92863984674,1629.81992337165,1601.15733333333,10.1709752746755,16488.4953595095,12963.4470622532,12839.1124101646,19828.6085673843,18189.4789375939,14964.2373479792,18081.1461652961,14489.5171311013,16333.8604887744,16576.8581427866,16285.3316481986
64,20.403.B.L1,20,403,B,L1,l,s,60.86,6.63,350,60.15,9.34,7.4,10.15,9.21,6.15,8.41,12.28,13.05,145.68,121.1,151.52,127.3,219.15,185.8,251.37,213.2,20.403,2666.81867229651,2100.57236687779,2613.28243021346,2392.71311283134,1933.72906403941,2675.38447102979,2303.24048979592,2662.43869387755,2502.9977715224,2304.5567675346,2482.83959183673,17.3882062350569,46371.1930653924,36525.1855269327,45440.2938470024,41604.9890672364,33624.0797682409,46520.1369403347,40049.220645505,46295.0330973385,43522.6414571194,40072.1083542878,43172.1268714216
65,20.416.B.L1,20,416,B,L1,l,m,56.46,10.2,350,55.33,9.08,7.07,9.38,6.42,9.72,9.7,14.08,12.59,130.89,115.1,155.01,54,152.86,153.4,251.58,214.9,20.416,2405.14567206193,1853.98850574713,2811.08022519353,1872.06685432794,2487.25967628431,2348.85784658691,2170.36848979592,2746.95183673469,2341.57353976073,2418.05876143561,2458.66016326531,10.6338310211257,25575.9126578983,19715.0004852243,29892.5521015359,19907.2425891736,26449.0991032671,24977.3574332503,23079.3317740655,29210.6216550075,24899.8973453547,25713.2282682587,26144.9767145366
66,20.418.B.L1,20,418,B,L1,m,m,46.06,5.09,350,45.5,7.1,6.84,7.11,9.4,3.87,5.64,7.75,12.98,135.79,121.2,139.68,120.3,125.09,100.3,98.46,71.1,20.418,1534.25287356322,1469.08374384236,1353.27586206897,1850.28735632184,1091.80459770115,1401.35632183908,1271.632,1696.512,1601.7816091954,1246.58045977011,1484.072,9.13331168934091,14012.8097045198,13417.5997302561,12359.8902499374,16899.2511401339,9971.79169466006,12799.0240751847,11614.21141014,15494.7728807071,14629.5706950356,11385.4078849223,13554.4921454235
67,20.419.M.L1,20,419,M,L1,m,m,37.04,6.69,300,37.17,6.26,5.57,7.7,6.99,3.89,4.74,6.78,8.87,36.5,31.3,44.54,36.8,30.48,26.3,39.16,33.7,20.419,1480.65389527458,1319.76277139208,1494.84546615581,1375.99106002554,1044.85440613027,1248.26692209451,1007.07644444444,1431.39022222222,1435.41826309068,1146.56066411239,1219.23333333333,10.9024559169873,16142.7638215466,14388.6554359831,16297.4867974721,15001.6818740971,11391.4791025052,13609.1750907688,10979.6065405918,15605.6687977844,15649.5843357846,12500.327096637,13292.6376691881
68,21.408.M.L1,21,408,M,L1,l,l,56.24,6.32,350,50.82,5.92,5.04,4.73,6.15,7.68,10.97,12.94,9.14,143.1,119.9,148.32,124.5,192.35,160.3,177.36,148.9,21.408,1562.00234576589,1265.73399014778,1625.32676518883,1511.87051372273,1767.80670889045,2680.73375557119,2306.52865306122,1605.93893877551,1568.59863945578,2224.27023223082,1956.23379591837,10.6823933712147,16685.9235042314,13521.0683860758,17362.379862511,16150.3955539267,18884.4066686402,28636.6525005052,24639.246393978,17155.2714741511,16756.3877082188,23760.5295845727,20897.2589340646
69,21.408.T.L1,21,408,T,L1,l,s,30.35,2.78,300,29.63,8.68,7.1,10.21,6.91,7.89,6.74,12.51,10.37,37.52,31.3,27.74,23.6,35.65,30.2,36.57,30.6,21.408,1682.2349936143,1359.69987228608,1882.33955938697,1111.96120689655,1616.82551085568,1388.13457854406,1668.91277777778,1285.49111111111,1497.15038314176,1502.48004469987,1477.20194444444,13.9025690693245,23387.3881895575,18903.321388009,26169.3557362993,15459.1174812888,22478.028337717,19298.6368557265,23202.1751637339,17871.628960225,20814.236608794,20888.3325967218,20536.9020619793
70,23.411.T.L1,23,411,T,L1,l,m,37.52,3.48,300,33.29,11.33,9.81,15.47,11.4,10.36,9.21,14.57,18.54,48.85,41.5,45.38,38.1,41.11,34.8,42.72,36.4,23.411,2714.56960408685,2217.89942528736,2865.51213282248,2419.87228607918,2301.87356321839,2216.81864623244,2350.00266666667,2537.18577777778,2642.69220945083,2259.34610472541,2443.59422222222,12.2119372240379,33150.1535953901,27084.848550839,34993.4542807471,29551.3284477881,28110.3354516955,27071.6501448673,28698.0850416551,30983.9534439441,32272.3913642676,27590.9927982813,29841.0192427995
71,2.406.M.L1,2,406,M,L1,m,m,36.28,6.05,300,32.9,6.84,5.89,7,9.19,6.07,8.77,8.32,13.65,37.06,31.7,38.58,33.4,47.89,41,47.08,39.7,2.406,1584.64367816092,1300.99042145594,1284.62707535121,1707.43039591315,1534.83397190294,2337.58109833972,1887.76933333333,1632.19688888889,1496.02873563218,1936.20753512133,1759.98311111111,9.11335632649197,14441.4224896033,11856.3892880809,11707.2642843348,15560.4216006398,13987.4888879565,21303.2094912423,17203.9145968908,14874.7918434361,13633.8429424873,17645.3491895994,16039.3532201634
72,2.410.M.L1,2,410,M,L1,m,m,46.19,3.67,350,41.58,6.59,5.76,7.89,4.64,6.3,2.79,5.55,11.1,93.96,82.4,99.01,86.1,104.38,91.7,98.67,86.6,2.41,1428.06521229181,1185.91414496833,1488.74173117523,866.265657987333,1426.43994839315,885.768824771288,784.664408163265,1499.94955102041,1177.50369458128,1156.10438658222,1142.30697959184,11.1850511752105,15972.9824810217,13264.5104008768,16651.6524498664,9689.22571591571,15954.803821142,9907.36963447292,8776.51156067238,16777.0124883973,13170.439082891,12931.0867278075,12776.7620245349
73,24.405.B.L1,24,405,B,L1,h,s,34.22,4.96,300,30.62,6.74,10.54,15.68,13.22,14.47,6.98,17.03,21.95,22.63,20.4,28.79,25.7,24.72,21.9,25.57,23,24.405,1472.81481481481,2182.03575989783,2690.50925925926,2573.60185185185,3503.39814814815,1704.44444444444,2445.20911111111,3034.55355555556,2632.05555555556,2603.9212962963,2739.88133333333,8.75649546940131,12896.696253193,19106.986245617,23559.432139086,22535.7329557836,30677.4900117682,14924.960055624,21411.4625031832,26572.0544608779,23047.5825474348,22801.2250336961,23991.7584820305
74,24.413.M.L1,24,413,M,L1,l,l,63.31,8.95,350,61.63,10.6,8.78,13.42,7.75,10.9,8.32,13.2,16.08,201.48,179.2,185.59,159.5,208.48,178.6,208.07,159.1,24.413,3148.4212995543,2573.2423176167,3813.74806474314,2172.70771756979,3161.04468684025,2794.22390335445,2686.92808163265,3308.14130612245,2993.22789115646,2977.63429509735,2997.53469387755,11.7594368420985,37023.6614244265,30259.8805134288,44847.5294990224,25549.819181102,37172.105349949,32858.4995141787,31596.7610752201,38901.8787540843,35198.6743400621,35015.3024320638,35249.3199146522
75,24.413.T.L1,24,413,T,L1,l,s,43.18,3.13,300,43.11,9.37,7.4,10.07,8.81,9.86,7.79,14.62,12.7,53.3,48,59.35,53.1,61.88,53.8,82.29,71.2,24.413,2583.63090676884,2038.78033205619,2400.26756066411,2251.37100893997,2688.40996168582,2030.0941890166,2408.48444444444,2435.352,2325.81928480204,2359.25207535121,2421.91822222222,13.3977108906966,34614.7399371572,27314.9894585272,32158.0908380953,30163.2178854736,36018.5394223353,27198.6150253276,32268.1782714066,32628.1420130797,31160.6543617845,31608.5772238314,32448.1601422432
76,24.417.M.L1,24,417,M,L1,m,m,40.95,3.82,300,36.28,10.73,9.25,8.68,13.76,5.63,6.01,12.31,14.1,78.88,67.6,92.23,77.9,62.68,54.4,63.19,54.4,24.417,2805.83333333333,2280.89878671775,2158.63505747126,3143.81465517241,1690.56034482759,1860.5316091954,2116.66,2527.07,2651.22485632184,1775.54597701149,2321.865,8.75651805371914,24569.3302390602,19972.7314046001,18902.1268521381,27528.869785564,14803.4221803844,16291.7786254346,18534.5715035851,22128.334078012,23215.4983188511,15547.6004029095,20331.4527907986
77,24.417.M.L2,24,417,M,L2,m,m,40.16,6.26,300,37,10.7,9.2,12.06,10.71,9.32,9.93,15.4,14.27,45.01,39.2,54.96,47.8,71.68,61.7,62.23,53.6,24.417,2744.01021711367,2266.51340996169,2957.50446998723,2643.35376756066,2442.04086845466,2585.65261813538,3009.32266666667,2226.64888888889,2800.42911877395,2513.84674329502,2617.98577777778,11.1843021691789,30689.8394235133,25349.3708475075,33077.6236590343,29564.0672764358,27312.5229822809,28918.7201857545,33657.1740285591,24903.5139979997,31320.8454677351,28115.6215840177,29280.3440132794
78,24.417.T.L1,24,417,T,L1,l,s,32.95,4.47,350,31.9,9.59,9.47,9.98,11.94,12.54,16.58,19.84,16.12,28.07,23.8,23.72,20.2,39.35,33.6,40.56,34.3,24.417,1482.47947454844,1440.60403471734,1758.80190007037,1729.81703026038,1722.86066150598,2408.44944874502,1850.84857142857,1954.40571428571,1744.30946516538,2065.6550551255,1902.62714285714,11.989487192747,17774.1686736089,17272.1036240633,21087.1328554729,20739.6191301025,20656.2158360136,28876.0738201071,22190.725242857,23432.3222808601,20913.3759927878,24766.1448280604,22811.5237618586
79,24.418.B.L1,24,418,B,L1,m,m,62.08,6.16,350,55.77,8.7,8.81,8.16,12.25,8.12,11.24,13.6,17.38,121.37,102,150.8,124.2,235.11,196.7,225.52,189.2,24.418,2533.87755102041,2435.51137696458,2293.5960591133,3693.78184377199,2883.37790288529,3481.89725545391,2811.08375510204,3497.25779591837,2993.68895144265,3182.6375791696,3154.1707755102,9.43501936183344,23907.1837543927,22979.0969976264,21640.1232259589,34850.9032143776,27204.7263412054,32851.7680211224,26522.6296571232,32996.6950178128,28245.5132201683,30028.2471811639,29759.6623374679
80,25.406.M.L1,25,406,M,L1,m,s,46.54,6.72,350,44.38,10.89,10.65,15.59,16.76,12.65,14.73,24.36,20.12,99.3,86.6,103.29,90.5,106.11,91.7,82.27,71.4,25.406,2377.76495425757,2271.40042223786,3030.61318320432,3313.91437954492,3442.73727422003,3355.39971850809,3632.39951020408,2970.20179591837,3172.26378137462,3399.06849636406,3301.30065306122,15.2166984431404,36181.732277605,34563.2152688154,46115.926906626,50426.8357799219,52387.0949207655,51058.1056727359,55273.1279717865,45196.665043764,48271.381343274,51722.6002967507,50234.8965077752
81,25.406.M.L2,25,406,M,L2,h,m,38.42,5.5,350,37.44,14.99,13.57,14.19,19.2,8.24,14.56,19.15,20.98,33.8,29.5,49.4,42.9,48.26,41.3,50.8,44.4,25.406,2701.92728125733,2414.77879427633,2236.43513957307,3133.17217921651,1974.62397372742,2864.60168895144,2467.97534693878,2636.39608163265,2684.80365939479,2419.61283133943,2552.18571428571,12.659341170349,34204.6192709101,30569.5086076681,28311.7954372126,39663.8955621478,24997.4385665657,36263.9700975943,31242.9419169085,33375.0374575591,33987.8454996802,30630.70433208,32308.9896872337
82,25.406.T.L1,25,406,T,L1,l,s,33.11,4.83,300,33.03,8.88,9.22,10.82,11.22,8.24,8.51,9.23,18.06,31.65,27.9,46.95,41.3,28.06,25.1,30.28,27.2,25.406,1877.50191570881,1947.03320561941,1965.24553001277,1916.61653895275,1969.47413793103,2198.87611749681,1557.27366666667,2400.475,1940.93103448276,2084.17512771392,1978.87433333333,17.6361485345641,33111.9026593691,34338.1668160323,34659.3620741933,33801.7339647728,34733.9384315341,38779.7058172793,27464.3096942986,42335.1336535077,34230.548019483,36756.8221244067,34899.721673903
83,25.413.B.L2,25,413,B,L2,m,m,65.55,9.7,350,63.19,7.15,6.92,6.08,9.84,6.83,9.01,12.09,11.49,264.55,216.7,261.28,212.8,216.97,176.3,220.45,181.9,25.413,2198.83884588318,2089.79779498006,1929.75017593244,2929.22237860661,2440.24982406756,3050.69669247009,2679.25591836735,2598.9906122449,2429.48627726953,2745.47325826882,2639.12326530612,12.4236731526474,27317.655136597,25962.9647599554,23974.5854520484,36391.7014232288,30316.8662250206,37900.8585951108,33286.199822092,32289.0098933295,30183.1434376387,34108.8624100656,32787.6048577107
84,25.413.M.L2,25,413,M,L2,m,m,46.1,4.98,300,42.7,9.81,8.17,7.21,7.28,12.36,7.36,13.47,11.96,53.5,25.3,59.84,48.6,56.3,45.8,68.49,56.2,25.413,2887.87356321839,2316.39846743295,2874.62643678161,2544.92017879949,3121.17017879949,2008.41155810983,2583.64888888889,2459.69111111111,2709.77330779055,2564.79086845466,2521.67,14.1173300375666,40769.0641987176,32701.3616632645,40582.0501427602,35927.4780833755,44062.5895175233,28353.4088170999,36474.2240656368,34724.2712060245,38254.7641130679,36207.9991673116,35599.2476358307
85,25.418.M.L1,25,418,M,L1,l,s,28.26,2.4,300,25.65,14.12,11.47,14.82,9.94,3.33,10.68,10.53,18.22,20.07,17.2,19.12,16.2,21.5,18.6,16.96,13.3,25.418,2548.09195402299,1974.29022988506,2487.1867816092,1541.5775862069,868.913793103448,2267.02586206897,1379.402,2132.06,2014.38218390805,1567.96982758621,1755.731,10.9793728102934,27976.4515181274,21676.4684696279,27307.7509241212,16925.5550349578,9540.1284744889,24890.522110232,15144.9688132643,23408.6815939141,22116.6529795395,17215.3252923605,19276.8252035892
86,26.413.T.L1,26,413,T,L1,m,s,34.2,2.9,300,28.8,12.81,10.77,15.89,14.75,7.72,9.17,11.52,22.22,26.03,21.8,31.9,26.6,34.82,29.1,44.09,33.9,26.413,2797.58620689655,2166.37931034483,2983.76436781609,2800.86206896552,2261.98275862069,2519.68390804598,2354.48,2858.36,2892.3132183908,2390.83333333333,2606.42,13.1887473286258,36896.6576128071,28571.8293421005,39352.1143352832,36939.8621299182,29832.7190651561,33231.4744112227,31052.6418103028,37698.1878142507,38145.9882326006,31532.0967381894,34375.4148122767
87,26.414.T.L1,26,414,T,L1,l,l,26.25,3.68,300,21.27,10.51,8.75,4.54,9.92,6.39,7.81,7.29,13.24,18.78,16.1,22.56,19.9,18.93,17.1,16.09,14.2,26.414,1761.7337164751,1327.58620689655,851.95162835249,1946.12068965517,893.85775862069,1192.22940613027,859.25,1670.375,1399.03615900383,1043.04358237548,1264.8125,11.9569520931638,21064.9656488041,15873.884675407,10186.7448059036,23269.6718537217,10687.8143979303,14255.4298931607,10274.011086051,19972.5938526184,16728.2083298126,12471.6221455455,15123.3024693347
88,27.405.T.L1,27,405,T,L1,m,m,33.07,3.35,300,31.71,6.48,5.93,6.43,5.44,6.3,2.08,5.4,10.31,42.29,36.1,38.71,33.2,36.45,31.7,42.46,36.6,27.405,1368.41379310345,1226.51787994891,1184.16363346105,1147.73595146871,1367.35791826309,438.715996168582,903.913333333333,1123.64511111111,1165.94979246488,903.036957215837,1013.77922222222,12.1178482183908,16582.23064478,14862.7575063634,14349.5151760192,13908.0900546882,16569.4357137269,5316.293852551,10953.484575913,13616.1609077813,14128.8026153537,10942.864783139,12284.8227418471
89,27.410.T.L1,27,410,T,L1,l,l,41.29,4.6,300,31.16,5.9,5.51,9.91,5.07,5.88,5.23,3.15,15.9,72.63,63.9,62.88,55.7,72.91,65,88.69,77.6,27.41,1555.62579821201,1274.58333333333,2087.57072158365,1127.8287037037,1883.88920817369,1653.84115581098,858.832,2611.36311111111,1607.69971264368,1768.86518199234,1735.09755555556,10.5297010662526,16380.274626123,13420.9814840277,21981.495652937,11875.6991039391,19836.7902040082,17414.4529817553,9043.24422613184,27496.8729354393,16928.5973784381,18625.6215928818,18270.0585807856
90,28.408.M.L1,28,408,M,L1,m,m,70.66,5.5,350,74.89,4.54,3.84,2.99,5.42,5.03,1.98,3.93,8.55,306.58,255.6,297.97,257.8,211.59,179.2,266.15,222.8,28.408,1505.02650715459,1311.07670654469,566.042458362655,1909.46094299789,1655.86066150598,755.828289936664,1015.19673469388,1724.104,1237.75170068027,1205.84447572132,1369.65036734694,9.99096838703092,15036.6722546251,13098.9259280606,5655.31230721855,19077.3639177622,16543.6515224344,7551.45655078085,10142.7984829436,17225.4685599536,12366.3381124903,12047.5540366076,13684.1335214486
91,28.414.M.L1,28,414,M,L1,h,m,67.93,7.52,300,64.11,5.47,8.02,3.2,2.76,4.69,5.2,6.6,5.46,282.03,180.8,289.55,275.2,229.84,179.4,246.18,211.1,28.414,2372.77841634738,3381.10089399745,2523.51708173691,1837.05970625798,1879.35328863346,1749.2191890166,2101.30133333333,2433.40355555556,2180.28839399745,1814.28623882503,2267.35244444444,10.697038646184,25381.7024184992,36167.766929738,26994.1597476452,19651.098673189,20103.5147583451,18711.4652655572,22477.7015699446,26030.2118755394,23322.6292104172,19407.4900119512,24253.9567227419
92,29.404.M.L2,29,404,M,L2,m,m,36.09,3.26,300,30.18,6.12,5.31,4.31,3.6,2.66,6.12,6.46,5.9,40.71,35,42.43,36.4,56.57,48.8,52.67,46.1,29.404,1410.41379310345,1123.54310344828,1143.6566091954,868.833333333333,561.169540229885,1170.15948275862,865.358,1060.244,1006.24497126437,865.664511494253,962.801,10.1474831456954,14312.1501939735,11401.1347057037,11605.2361662734,8816.47160641832,5694.45845136037,11874.1736290687,8781.20571999265,10758.8081203246,10210.8538863459,8784.31604021454,9770.00692015864
93,29.404.T.L2,29,404,T,L2,l,m,27.95,2,350,24.35,9.99,10.43,15.55,7.82,6.17,5.51,15.71,12.98,18.17,16.1,19.79,17.4,23.5,19.2,33.95,29.5,29.404,1309.97185080929,1279.5894909688,1456.41581143952,861.589148877942,789.241227812964,1087.45322151849,1021.83086394558,1149.2079047619,1159.00248015873,938.347224665728,1085.51938435374,10.710160784684,14030.0091455776,13704.6091866678,15598.4475098733,9227.75831482179,8452.90044777825,11646.7988482856,10943.9728476097,12308.2014350298,12413.1029123475,10049.8496480319,11626.0871413197
94,30.414.T.L1,30,414,T,L1,l,s,37.59,4.24,300,34.29,7.28,6.21,7.91,6.84,5.36,6.42,10.72,8.72,46.56,40.1,38.4,33,39.59,34.3,61.37,52.3,30.414,1747.47892720307,1425.20689655172,1560.84913793103,1525.44348659004,1480.43630268199,1654.46408045977,1706.16833333333,1425.914,1543.14631226054,1567.45019157088,1566.04116666667,13.629725170495,23817.6575190093,19425.1783110941,21273.944782604,20791.375485344,20177.9399379793,22549.8907211224,23254.6054779348,19434.8159367612,21032.6601339741,21363.9153295509,21344.7107073481
95,30.414.T.L2,30,414,T,L2,l,l,36.23,4.63,300,35.73,7.51,5.99,7.87,6.4,3.58,7.99,10.76,8.74,34.74,29.9,37.51,32.1,47.28,40.7,54.51,46,30.414,1737.46679438059,1376.24648786718,1878.59259259259,1451.74489144317,948.550446998723,1878.01420817369,1554.267,1650.47777777778,1665.16874201788,1413.28232758621,1602.37238888889,12.6196018672253,21926.1392026072,17367.6827480509,23707.090589237,18320.442542791,11970.3289921025,23699.7916081443,19614.2307353666,20828.3724462583,21013.766566014,17835.0603001234,20221.3015908125
96,32.401.B.L1,32,401,B,L1,m,s,51.43,6.62,300,50.32,5.42,5.66,5.92,3.74,3.96,5.91,4.86,8.96,55.2,47,83.73,71.1,66.66,56.7,78.49,66.8,32.401,1780.01660280971,1838.77713920817,2043.57072158365,1210.21424010217,1577.2195083014,2557.54230523627,1589.56796296296,2380.63755555556,1626.89248084291,2067.38090676884,1985.10275925926,10.1456343778234,18059.3976385626,18655.5605567061,20733.3213664124,12278.391198912,16001.8924647963,25947.8891347427,16127.1753709237,24153.0782247819,16505.8562826622,20974.8907997696,20140.1267978528
97,32.413.M.L1,32,413,M,L1,m,s,24.53,3.93,250,23.58,8.81,6.99,7.97,6.65,7.75,5.24,12.96,12.44,10.59,9.3,15.68,13.6,20.34,17.5,21.07,18.1,32.413,1987.21195402299,1546.15586206897,1999.42996168582,1542.10053639847,2041.15915708812,1414.28137931034,1817.44405333333,2013.29157333333,1770.76524904215,1727.72026819923,1915.36781333333,11.2887313718924,22433.101927979,17454.1381859734,22571.0277343844,17408.3587038536,23042.0974116462,15965.4425753039,20516.6377015233,22727.5077446547,19989.693219119,19503.7699934751,21622.072723089
98,32.417.B.L1,32,417,B,L1,l,s,23.68,3.52,250,20.45,5.4,4.62,4.58,4.51,4.63,2.13,5.44,5.04,14.75,12.5,17.65,14.9,9.09,7.7,13.42,11.4,32.417,1175.83448275862,937.382068965517,1035.93195402299,1019.05655172414,1048.8153256705,589.368888888889,833.91488,1144.09130666667,1027.49425287356,819.092107279693,989.003093333333,11.5616443718982,13594.58012987,10837.6781219734,11977.0768458994,11781.9694458874,12126.0298071989,6814.07349719411,9641.42727899415,13227.5768166603,11879.5231458933,9470.05165219648,11434.5020478272
99,33.402.B.L1,33,402,B,L1,l,m,36.7,5.13,250,33.44,3.4,2.14,1.21,3.03,4.37,3.9,7.5,3.3,30.31,26.9,26.39,23.2,41.63,36.7,43.38,38.9,33.402,1147.40229885057,690.113103448276,412.558620689655,1360.85287356322,1266.36091954023,1207.30344827586,1533.1792,701.1168,886.705747126437,1236.83218390805,1117.148,12.5864888130482,14441.7661985485,8686.1008562897,5192.66446403694,17128.359469308,15939.0375470745,15195.7113456786,19297.3428491982,8824.59875984015,11160.5119666724,15567.3744463766,14060.9708045192
100,33.406.T.L1,33,406,T,L1,l,s,29.29,2.84,300,26.85,5.6,4.7,9.77,4.1,5.76,6.16,8.15,9.84,22.16,18.82,21.35,18,27.06,22.3,27,22.9,33.406,1047.40740740741,842.458492975734,1613.19444444444,650.421296296296,1321.41666666667,1448.60185185185,1191.45211111111,1542.60666666667,1131.80787037037,1385.00925925926,1367.02938888889,11.8318873837323,12392.8064893315,9967.87401435775,19087.1349947293,7695.71152975898,15634.853186987,17139.6939749772,14097.1272017768,18251.9483573948,13391.4232622441,16387.2735809821,16174.5377795858
101,33.407.M.L1,33,407,M,L1,m,m,25.06,2.68,250,21.59,6.81,6.19,7.22,5.6,5.01,3.59,7.09,8.25,12.34,10.9,18.89,16.5,20.44,17.8,20.03,17.76,33.407,1569.27448275862,1327.64827586207,1154.87233716475,1179.06819923372,1258.76091954023,887.181609195402,1070.96416,1759.14517333333,1166.97026819923,1072.97126436782,1415.05466666667,10.1711213550966,15961.2812035944,13503.6717306779,11746.3466909467,11992.4457403414,12803.0100696967,9023.63181113635,10892.9064383191,17892.4790392058,11869.396215644,10913.3209404166,14392.6927387625
102,33.411.B.L1,33,411,B,L1,m,s,40.88,4.09,300,38.2,13.25,10.16,14.13,13.35,12.1,11.73,16.23,20.34,42.14,36.3,38.41,32.9,41.73,35.2,50.98,43.1,33.411,3458.87611749681,2565.30268199234,3640.30395913155,3270.26947637293,3414.49808429119,3229.15453384419,2455.97955555556,3418.02222222222,3455.28671775224,3321.82630906769,2937.00088888889,13.6452655402063,47197.2830939219,35004.236286789,49672.9141694144,44623.6953931401,46591.7330466791,44062.6710846652,33512.4931968735,46639.8208445483,47148.3047812773,45327.2020656721,40076.1570207109
103,33.418.B.L1,33,418,B,L1,h,l,42.48,6.58,300,41.92,0.92,1.52,0,1.02,1.4,2.67,2.99,1.73,58.08,48.3,57.76,48.4,80.36,66.9,78.76,66,33.418,249.563218390805,409.604086845466,98.3333333333333,347.218390804598,319.413793103448,713.425287356322,438.96,434.24,222.775862068965,516.419540229885,436.6,6.72885142642643,1679.27381805254,2756.16504404021,661.670390265265,2336.38096424701,2149.28795734441,4800.53276247627,2953.69662214414,2921.93644341141,1499.02567725613,3474.91035991034,2937.81653277778
104,33.418.M.L1,33,418,M,L1,l,m,36.42,3.24,300,35.12,3.8,2.85,3.78,4.9,2.78,5.4,8.59,3.88,38.79,33.1,42.66,36,46.21,39.3,40.75,34.9,33.418,883.754789272031,650.986590038314,660.490421455939,850.032567049809,713.980842911877,1366.33141762452,1379.50866666667,606.595333333333,755.261494252874,1040.1561302682,993.052,9.21068705254535,8139.98879517284,5996.03375624655,6083.57057323444,7829.38395956756,6576.25410557384,12584.8510978001,12706.2226149408,5587.15978286776,6956.477266401,9580.55260168699,9146.69119890427
105,33.995.T.L1,33,995,T,L1,l,m,32.13,2.51,300,28.5,9.67,8.9,7.38,14.05,5.9,9.09,12.46,13.38,20.17,17.3,22.38,19,23.56,20.1,28.58,24.4,33.995,1984.01724137931,1722.88314176245,1412.61206896552,2682.11637931035,1314.12931034483,1831.67672413793,1668.975,1919.232,2047.36422413793,1572.90301724138,1794.1035,12.2335918251645,24271.6571051233,21077.0491187788,17281.3194590252,32811.9170120708,16076.5215882435,22407.9853987578,20417.5589164039,23479.100905794,25046.618235548,19242.2534935007,21948.3299110989
106,3.414.B.L1,3,414,B,L1,m,s,54.93,6.28,300,47.7,4.86,4.44,5.68,6.54,4.75,5.26,5.95,12.19,107.8,93.91,102.73,88.3,158.45,135.5,107.85,93.8,3.414,1704.72413793103,1454.90804597701,1755.58524904215,2006.38314176245,1779.26197318008,1809.07710727969,1339.68166666667,2430.34733333333,1880.9841954023,1794.16954022989,1885.0145,9.76048497336551,16638.9343320093,14200.6081203872,17135.363442738,19583.2725059863,17366.4597529048,17657.4699212629,13075.9427765933,23721.3686270589,18359.3179743622,17511.9648370839,18398.6557018261
107,3.414.B.L2,3,414,B,L2,l,s,45.17,4.97,300,41.74,0,0,0,2.3,0,3.32,3.25,1.82,72.31,61.6,79.43,68.1,106.94,92.4,91.85,78,3.414,0,0,0,658.368614303959,0,910.755268199234,419.579111111111,428.613111111111,329.18430715198,455.377634099617,424.096111111111,10.7708263932339,0,0,0,7091.17404742192,0,9809.58688049715,4519.21376400518,4616.51740964166,3545.58702371097,4904.79344024857,4567.86558682342
108,3.415.M.L1,3,415,M,L1,l,l,23.48,3.96,250,22.62,4.65,4.27,5.81,5.08,5.87,3.62,6.11,8.05,14.4,13,12.57,11.5,18.85,16.6,19.9,18.1,3.415,1003.9724137931,905.04367816092,1009.90988505747,723.291954022989,955.932873563218,735.166896551724,912.52672,855.79904,866.60091954023,845.549885057471,884.16288,10.3278430357143,10368.8695018423,9347.1490485115,10430.1907730898,7470.0457701445,9872.72467084023,7592.68831263941,9424.4327300552,8838.55815523497,8950.11827161716,8732.70649173981,9131.49544264508
109,3.419.M.L1,3,419,M,L1,h,m,40.75,3.64,300,33.9,4.17,3.64,3.91,5.21,4.71,4.27,8.48,5.59,36.98,30.9,64.3,53.3,55.63,46.1,42.72,36,3.419,1085.10536398467,867.579821200511,673.311781609195,1030.45977011494,1053.22876756066,989.475574712644,983.886111111111,886.538888888889,851.885775862069,1021.35217113665,935.2125,11.0485981827336,11988.8931525955,9585.54083589229,7439.15132670046,11385.135943472,11636.7014472734,10932.3180366294,10870.562299239,9795.01195670043,9412.14363508624,11284.5097419514,10332.7871279697
110,34.401.M.L1,34,401,M,L1,l,l,39.68,2.07,300,31.5,5.02,5.72,7.68,3.71,6.34,1.87,9.05,8.61,39.39,31.6,47.22,38.7,41.49,34.6,44.49,36.6,34.401,1271.98978288633,1299.96679438059,1930.78927203065,915.984674329502,1668.53639846743,411.116219667944,1389.24088888889,1449.20177777778,1423.38697318008,1039.82630906769,1419.22133333333,13.7255763311688,17458.7928574732,17842.7934642556,26501.1955326586,12572.4175656904,22901.6236984982,5642.80705403394,19068.1318628253,19891.1296201545,19536.8065491746,14272.2153762661,19479.6307414898
111,34.401.T.L1,34,401,T,L1,l,m,28.72,1.97,250,25.94,4.65,3.62,4.31,4.93,3.07,3.17,6.99,6.38,29.71,24.9,27.21,23.1,19.59,16.6,25.26,21.3,34.401,1228.0275862069,909.743448275862,1097.96229885057,1267.64137931034,870.182988505747,863.580689655172,745.80096,1321.12,1182.80183908046,866.88183908046,1033.46048,13.565465703138,16658.766103197,12341.0935462407,14894.369908396,17196.145654913,11804.4374860288,11714.8742274095,10117.1373442474,17921.6080497297,16045.2577816545,11759.6558567192,14019.3726969885
112,34.402.B.L1,34,402,B,L1,l,l,35.2,3.18,300,32.25,7.63,7.26,6.65,7.79,1.42,4.86,6.47,11.31,30.54,26.1,22.26,19.4,40.27,31.6,48.14,41.1,34.402,1715.04469987229,1563.49616858238,1464.98084291188,1497.57343550447,450.114942528736,1505.44061302682,1129.52888888889,1461.58222222222,1481.27713920817,977.777777777778,1295.55555555556,10.9889349388858,18846.5146241774,17181.1576737489,16098.5791694727,16456.7370489622,4946.28381846858,16543.188950908,12412.3194715919,16061.231947832,16277.6581092174,10744.7363846883,14236.775709712
113,34.413.B.L1,34,413,B,L1,h,m,47.72,6.95,300,39.75,4.11,2.9,2.53,4.12,3.33,6.42,4.72,8.46,62.94,51.8,71.84,59,76.13,62.5,58.46,48.2,34.413,1252.4214559387,809.907407407407,893.607279693486,1493.91634738186,975.883141762452,1776.54916985951,1363.73155555556,1639.97733333333,1193.76181353768,1376.21615581098,1501.85444444444,9.91805327738711,12421.5827257428,8032.70481641713,8862.84460906096,14816.7419252928,9678.86099250391,17619.9093165645,13525.562224054,16265.3825657072,11839.793267177,13649.3851545342,14895.4723948806
114,35.402.T.L1,35,402,T,L1,m,s,26.19,2.42,300,23,4.87,3.33,7.38,4.04,7.16,4.42,9.43,6.5,13.51,11.7,13.84,11.2,16.65,14.3,17.02,14.8,35.402,814.465517241379,522.997126436782,1350.89224137931,526.39224137931,867.98275862069,880.943965517241,894.243,843.027,938.64224137931,874.463362068966,868.635,10.4740208962391,8530.72884685238,5477.88283097185,14149.2735647741,5513.44333582502,9091.26955136835,9227.02550324331,9366.31986831553,8829.88241409374,9831.35845029958,9159.14752730583,9098.10114120464
115,35.995.M.L1,35,995,M,L1,m,l,42.78,4.91,300,42.16,4.34,3.45,3.62,4.16,5.21,3.03,5.93,5.15,85.31,73,93.96,79.9,45,38.6,65.96,56,35.995,1185.60153256705,935.641762452107,868.712643678161,1025.10823754789,1496.3438697318,1148.03927203065,596.543333333333,1534.376,946.910440613027,1322.19157088123,1065.45966666667,8.18546031809356,9704.69429789849,7658.65851850284,7110.81287265373,8390.98280019908,12248.2633679122,9397.2299048199,4882.98178302325,12559.5738610351,7750.89783642642,10822.7466363661,8721.27782202921
116,35.995.T.L1,35,995,T,L1,l,m,32.07,3.6,300,27.17,5.91,5.62,4.81,4.71,5.29,3.91,5.4,8.17,42.52,37.1,33.85,29.7,22.4,19.9,23.67,20.9,35.995,1210.30459770115,1062.99106002554,1066.95210727969,989.132183908046,1075.14367816092,668.636973180077,972.433666666667,1027.309,1028.04214559387,871.890325670498,999.871333333333,11.0390797417206,13360.648965794,11734.443076358,11778.1693928573,10919.1090532631,11868.5967970251,7381.13686519754,10734.772789867,11340.5459703872,11348.6392230602,9624.86683111133,11037.6593801271
117,36.417.T.L1,36,417,T,L1,l,s,28.96,3.22,300,22.84,10.55,8.32,10.62,7.9,8.04,8.14,10.2,14.64,22.76,19.2,22.24,18.7,29.77,25.1,21.24,18.1,36.417,1951.00893997446,1376.04086845466,1730.48020434227,1337.04214559387,1520.58492975734,1631.54278416347,1635.27466666667,1579.92888888889,1533.76117496807,1576.06385696041,1607.60177777778,13.5563064743895,26448.4751245675,18654.0317340564,23458.919997928,18125.3530948458,20613.5153281285,22117.6940081987,22168.2845511385,21418.0002255194,20792.1365463869,21365.6046681637,21793.142388329
118,36.995.M.L1,36,995,M,L1,h,s,38.3,8.55,300,34.37,10.78,8.31,8.47,9.39,7.97,6.21,14.44,13.76,45.05,38.6,38.8,33.6,40.12,34.6,41.15,35.6,36.995,2636.48786717752,1928.12164750958,1800.05108556833,2339.33269476373,2265.34961685824,1842.85121328225,2216.71888888889,2231.61333333333,2069.69189016603,2054.10041507024,2224.16611111111,11.7485109645942,30974.8066155548,22652.5583168378,21147.9199156293,27483.6758142655,26614.4848122984,21650.7576853623,26043.1461715343,26218.1337154013,24315.7978649474,24132.6212488303,26130.6399434678
119,36.995.M.L2,36,995,M,L2,h,s,26.87,3.21,300,26.86,11.08,10.1,14.06,9.75,11.13,13.65,16.15,21.6,20.19,18.1,20.51,18.2,17.94,16.1,24.23,21.5,36.995,1901.14687100894,1732.6724137931,2434.77203065134,1735.13968710089,2031.55044699872,2445.06704980843,2034.95466666667,2399.491,2084.95585887612,2238.30874840358,2217.22283333333,11.0511804232556,21009.9170826277,19148.0754592254,26907.1050002244,19175.3417417032,22451.0305287284,27020.8771143903,22488.6511744793,26517.207964978,23041.2233709639,24735.9538215594,24502.9295697286
120,37.404.M.L1,37,404,M,L1,m,l,40.8,3.56,300,35.26,6.74,4.88,4.03,7.92,5.89,6.75,7.78,10.08,38.77,33,45.05,37.7,33.64,27.3,46.35,37.2,37.404,1756.0153256705,1185.09833971903,1016.09195402299,1903.2183908046,1892.7969348659,1979.42528735632,1712.24,1869.09333333333,1459.65517241379,1936.11111111111,1790.66666666667,10.0824040425539,17704.8560183269,11948.6402912071,10244.6496248479,19189.0167973113,19083.9434678256,19957.3655191748,17263.4954978225,18844.9541799106,14716.8332110795,19520.6544935002,18054.2248388666
121,37.404.T.L1,37,404,T,L1,l,m,30.15,3.25,300,28.73,8.63,6.4,9.77,7.74,8.7,3.37,10.98,10.19,31.56,27.4,40.1,34.8,21.46,18.6,46.47,40.1,37.404,1661.52298850575,1203.16730523627,1679.33189655172,1224.48275862069,1865.60344827586,835.574712643678,1181.21,1673.66,1451.90732758621,1350.58908045977,1427.435,9.52632882111259,15828.2143323434,11461.7673764926,15997.8678463343,11664.8253944037,17772.3518980773,7959.95946725034,11252.5948667864,15943.8354947433,13831.3466203691,12866.1556826639,13598.2151807648
122,37.406.M.L1,37,406,M,L1,m,m,43.98,7.92,300,42.82,8.58,9.13,10.33,11.47,7.08,8.17,12.06,15.15,49.25,43.6,59.18,51.15,66.19,58,87.1,75.2,37.406,2409.63218390805,2530.2809706258,2700.30459770115,2868.81034482759,2137.91666666667,2585.15900383142,2414.01333333333,2947.63733333333,2784.55747126437,2361.53783524904,2680.82533333333,10.2120101744221,24607.188378684,25839.2550161774,27575.538025763,29296.3204298668,21832.4267520667,26399.6700496254,24651.9287211906,30101.3024385065,28435.9292278149,24116.048400846,27376.6155798485
123,37.410.B.L1,37,410,B,L1,m,m,34.65,4.07,300,32,5.66,4.36,6.94,2.72,5.84,3.35,15.15,9.28,32.99,29.1,40.77,35.8,32.57,28.5,48.62,43,37.41,1252.35632183908,927.822477650064,1456.28831417625,624.88745210728,1442.27490421456,717.449712643678,997.663333333333,1331.45833333333,1040.58788314176,1079.86230842912,1164.56083333333,9.23357632271322,11563.7276809335,8567.11966131074,13446.7492968218,5769.94598213837,13317.355406399,6624.62667940407,9212.00053270581,12294.1221413458,9608.34763948002,9970.99104290156,10753.0613370258
124,37.410.M.L1,37,410,M,L1,m,s,35.4,3.21,300,30.87,9.72,7.55,8,4.3,5.52,10.35,9.4,11.24,29.71,26.5,28.63,25,33.55,29.6,24.06,31.4,37.41,2197.24137931034,1597.50478927203,1958.75478927203,1021.76245210728,1268.16091954023,2184.80842911877,1780.62,1467.92,1490.25862068965,1726.4846743295,1624.27,10.9210628017933,23996.2110941472,17446.4501298055,21391.6840669533,11158.731907978,13849.6650450788,23860.4300642935,19446.2628461292,16031.2465080085,16275.2079874656,18855.0475546862,17738.7546770688
125,39.411.M.L1,39,411,M,L1,m,l,41.98,4.28,300,40.34,9.82,7.07,8.8,4.95,7.82,7.42,7.39,13.44,54.48,47.9,60.92,53.1,33.85,29.7,47.09,41.4,39.411,2632.46232439336,1858.24521072797,2315.02096636867,1330.08152405279,2010.31300553427,2060.35302256279,1855.67148148148,2205.03837037037,1822.55124521073,2035.33301404853,2030.35492592593,13.2779822201552,34953.7879385235,24673.7468687346,30738.8072307298,17660.7988277299,26692.9003444308,27357.3308008318,24639.5729375602,29278.4602765378,24199.8030292298,27025.1155726313,26959.0166070491
126,39.411.T.L1,39,411,T,L1,l,m,34.28,2.69,300,30.02,8.66,7.34,9.25,7.51,6.72,7.03,9.03,12.94,43.54,37.7,37.04,32.7,44.92,39.1,41.75,36,39.411,1895.68837803321,1506.90293742018,2003.49744572158,1371.41890166028,1636.83716475096,1647.78224776501,1500.32133333333,1905.968,1687.45817369093,1642.30970625798,1703.14466666667,12.7566824137821,24182.6945940674,19223.0822010646,25557.9806318939,17494.7553847381,20880.6118738036,21020.2348218063,19139.1227679554,24313.8284668315,21526.368008316,20950.4233478049,21726.4756173935
127,39.411.T.L2,39,411,T,L2,l,m,41.8,4.25,300,40.4,7.35,6.68,9.06,5.57,10.02,9.98,10.32,15.03,64.14,55.8,66.75,57.1,77.63,66.8,77.83,66.8,39.411,1961.87739463602,1753.18007662835,2782.66283524904,1761.01851851852,2466.3601532567,2326.22605363985,1973.88888888889,2792.70444444444,2271.84067688378,2396.29310344828,2383.29666666667,13.8424069568273,27157.1052959519,24268.2320892913,38518.7513891561,24376.7349918425,34140.3609434822,32200.5677080572,27323.3732875597,38657.7514301402,31447.7431904993,33170.4643257697,32990.56235885
128,41.404.B.L1,41,404,B,L1,l,m,44.7,6.78,250,43.54,2.18,2.26,2.2,1.93,2.21,2.01,4.2,3.5,58.92,50.6,58.51,50.6,42.54,36.6,52.55,45,41.404,896.055172413793,916.884597701149,1083.76091954023,802.544827586207,1283.45517241379,853.23908045977,1018.4448,1572.248,943.152873563218,1068.34712643678,1295.3464,10.8581704732885,9729.51981554092,9955.68926617166,11767.6608166558,8714.16855038699,13935.9750568929,9264.61539010414,11058.4472560343,17071.736810287,10240.9146835214,11600.2952234985,14065.0920331606
129,42.403.B.L1,42,403,B,L1,h,s,26.88,3.35,300,26.95,15.57,13.23,15.86,10.96,8.97,13.09,18.53,16.54,24.42,20.8,21.45,17.2,18.33,13.1,18.73,15.9,42.403,2672.55172413793,2273.85344827586,2691.86206896552,1855.50957854406,1413.08812260536,2315.09578544061,2377.38666666667,1839.18933333333,2273.68582375479,1864.09195402299,2108.288,8.71406417470741,23288.7872343629,19814.5048721556,23457.0588184262,16169.0295442172,12313.7405848999,20173.8932449241,20716.6999814271,16026.813880104,19813.0441813217,16243.8169149121,18371.7569307655
130,42.419.B.L1,42,419,B,L1,m,m,30.53,4.18,300,27.37,8.75,9.05,7.32,10.67,4.54,5.72,4.78,16.03,23.72,20.1,20.22,17.4,13.04,11,16.27,13.7,42.419,1705.8588761175,1673.03639846743,1113.68215197957,1925.67097701149,1226.75622605364,1261.36079182631,1129.27077777778,1644.54933333333,1519.67656449553,1244.05850893997,1386.91005555556,9.49334518004577,16194.3071394284,15882.7120294319,10572.5690895983,18281.0592879661,11646.0203056975,11974.533393383,10720.5572951832,15612.2744869475,14426.8141887822,11810.2768495402,13166.4158910654
131,43.411.B.L1,43,411,B,L1,l,l,43.72,5.14,300,41.64,3.17,2.19,3.61,2.94,2.5,4.21,7.95,3.9,46.48,39.9,53.58,46.2,64.57,55.4,57.57,49.5,43.411,885.008939974457,596.865900383142,923.396551724138,742.625798212005,626.067049808429,1246.55044699872,1541.85866666667,865.170222222222,833.011174968071,936.308748403576,1203.51444444444,9.48414164571999,8393.55014444625,5660.76074273392,8757.62369172113,7043.16826000853,5937.70858010117,11822.4610078714,14623.2059923477,8205.39693521459,7900.39597586482,8880.08479398631,11414.3014637811
132,43.411.M.L1,43,411,M,L1,l,s,35.92,2.82,200,31.23,3.45,3.56,2.88,3.17,2.02,1.11,2.89,4.55,24.43,21.2,26.52,23,40.39,35.2,42.69,37,43.411,1780.51724137931,1717.34195402299,1295.82088122605,1552.14655172414,1176.68965517241,886.387931034483,1242.23333333333,1602.93,1423.9837164751,1031.53879310345,1422.58166666667,9.89502605810308,17618.2645003501,16993.1433857311,12822.1813863659,15358.5305753052,11643.3748002313,8770.83167517428,12291.9312035775,15861.0341193152,14090.3559808356,10207.1032377028,14076.4826614464
133,4.401.M.L1,4,401,M,L1,l,m,37.76,5.52,300,34.81,4.71,4.49,4.51,4.57,5.07,4.24,6.11,5.87,65.09,57.7,63.43,55.3,53.46,46.8,66.6,58.5,4.401,1135.69348659004,1040.35536398467,879.499361430396,968.112388250319,1049.49169859515,900.597701149425,801.351111111111,1030.00888888889,923.805874840358,975.044699872286,915.68,8.66191808922332,9837.28395530737,9011.47294651933,7618.15142823431,8385.71020818663,9090.61112855104,7800.90351869914,6941.23768515254,8921.85262672749,8001.93081821047,8445.75732362508,7931.54515594001
134,4.407.T.L1,4,407,T,L1,l,l,33.54,4.16,300,32.66,7.53,6.35,5.8,3.96,4.11,6.5,7.45,6.86,35.22,31.3,34.62,30.2,32.51,28.2,39.72,34.9,4.407,1612.74712643678,1342.17752234994,1511.54885057471,1075.70019157088,970.753831417624,1237.40325670498,1238.744,1152.658,1293.6245210728,1104.0785440613,1195.701,8.97333584259969,14471.7215947048,12043.8096684344,13563.6354787024,9652.61908491433,8710.90014980075,11103.6349951404,11115.6659350053,10343.1873456593,11608.1272818084,9907.26757247055,10729.4266403323
135,48.401.T.L1,48,401,T,L1,m,s,36.53,3.25,300,32.62,2.51,2.08,2.5,2.56,6.72,4.17,9.67,3.8,53.63,45.2,53.31,44.8,43.56,36.6,34.81,28.8,48.401,585.506385696041,459.233716475096,648.489144316731,657.236749680715,1446.85392720307,1065.45833333333,1396.66366666667,663.222444444444,652.862946998723,1256.1561302682,1029.94305555556,11.5154660673435,6742.37891669569,5288.29027904901,7467.65473641994,7568.38748915941,16661.1973031096,12269.2492836683,16083.2330609916,7637.3155541006,7518.02111278967,14465.223293389,11860.2743075461
136,49.416.M.L1,49,416,M,L1,l,s,48.32,5.05,300,41.12,5.03,6.54,7.22,6.5,1.31,10.23,10.23,8.15,94.48,80.7,73.52,62.5,92.96,79.8,83.41,71.1,49.416,1552.04086845466,1867.61685823755,2229.32311621967,1936.96551724138,734.365261813538,3489.00638569604,2475.05777777778,1719.11822222222,2083.14431673052,2111.68582375479,2097.088,12.0886133568853,18762.0219728328,22576.8980980345,26949.4251995462,23415.2272235503,8877.45771279168,42177.2491963831,29920.0165115072,20781.7555032204,25182.3262115482,25527.3534545874,25350.8860073638
137,49.416.M.L2,49,416,M,L2,m,s,44.65,4.44,300,39.23,7.59,7.05,5.51,7.79,7.02,7.57,7.62,12.39,93.03,79.6,95.41,81.6,92.37,79.5,107.07,90.7,49.416,2164.07088122605,1888.10344827586,1643.72445721584,2566.80475734355,1973.03959131545,1782.00830140485,1404.49055555556,2693.88333333333,2105.26460727969,1877.52394636015,2049.18694444444,10.4575310795901,22630.8384988573,19744.900491826,17189.299597617,26842.4405251599,20633.122847443,18635.4071960287,14687.503635713,28171.368683123,22015.8700613884,19634.2650217359,21429.436159418
138,49.418.T.L1,49,418,T,L1,l,m,29.11,3,300,27.53,9.03,7.33,6.25,6.61,4.34,11.85,11.79,9.5,25.23,21.5,17,14.6,33.57,28.5,29.79,25.7,49.418,1678.56513409962,1325.5785440613,1189.21599616858,1653.47030651341,701.26101532567,2008.5156449553,1394.04555555556,1336.47244444444,1421.343151341,1354.88833014049,1365.259,11.332164423905,19021.776095851,15021.6740181032,13476.3912041203,18737.3973834545,7946.80512974503,22760.829536619,15797.5534499695,15145.1254884626,16106.8942937874,15353.8173331821,15471.3394692161
139,52.418.M.L2,52,418,M,L2,m,l,28.18,2.85,300,22.62,7.31,5.94,7.29,5.42,2.28,8.42,8.2,9.85,25.05,21.6,18.9,16.5,26.99,22.8,25.93,21.7,52.418,1315.42656449553,963.448275862069,1115.1409642401,1188.61861430396,898.561781609195,1074.20019157088,1096.30744444444,1023.862,1151.87978927203,986.380986590038,1060.08472222222,10.3813452582988,13655.8973279659,10001.8891902368,11576.6633614487,12339.4602155301,9328.2800907971,11151.643065228,11381.1460900209,10629.0649188523,11958.0617884894,10239.9615780125,11005.1055044366
140,5.410.B.L2,5,410,B,L2,l,s,29.35,3.12,300,26.65,5.97,4.46,4.13,3.86,3.58,3.83,10.56,5.63,31.24,27,27.2,23.6,19.31,16.8,21.98,19,5.41,1118.89846743295,797.445721583653,957.71711366539,905.708014048531,742.183908045977,988.641443167305,1145.30222222222,863.216111111111,931.712563856961,865.412675606641,1004.25916666667,9.87200241120269,11045.7683683891,7872.38608627709,9454.58565535481,8941.1516985327,7326.84132978572,9759.87071076255,11306.4262993336,8521.6715302779,9197.86867694376,8543.35602027413,9914.04891480577
141,5.410.M.L2,5,410,M,L2,h,s,38.67,5.1,300,36.04,7.54,6.37,5.59,5.25,4.84,3.29,3.97,12.32,35.17,30,61.87,52.6,45.08,38.9,61.74,52.9,5.41,1861.88888888889,1519.4849936143,1517.41475095785,1453.82902298851,1805.71120689655,704.381704980843,836.990666666667,1967.87333333333,1485.62188697318,1255.0464559387,1402.432,11.4234414135619,21269.1786407842,17357.7478033395,17334.0985076417,16607.7306694452,20627.436181795,8046.46313963353,9561.31384436482,22479.8857326441,16970.9145885435,14336.9496607143,16020.5997885045
142,7.401.B.L1,7,401,B,L1,h,s,48.48,6.56,300,46.44,3.32,3.3,3.63,3.03,1.89,2.04,2.68,3.72,52.03,43.7,65.35,53.8,100.52,83.1,89.18,73.3,7.401,1027.80076628352,1000.11494252874,1055.66283524904,797.938697318008,929.509578544061,719.770114942529,613.541333333333,971.754666666667,926.800766283525,824.639846743295,792.648,11.0463451570888,11353.4420170881,11047.6148519345,11661.2160476718,8814.30626477251,10267.6836314178,7950.82912341264,6777.38933614046,10734.3374560118,10237.7611562222,9109.25637741523,8755.86339607611
143,7.401.M.L1,7,401,M,L1,m,m,46.69,4.92,300,37.7,4.77,4.05,6.65,3.58,2.45,2.53,3.96,7.09,59.48,49.8,54.7,45.8,42.28,35.3,58.72,49.1,7.401,1422.16666666667,1091.25,1803.05092592593,746.861111111111,1018.17592592593,1084.51388888889,959.738888888889,1229.50333333333,1274.95601851852,1051.34490740741,1094.62111111111,10.9661149980043,15595.6432129952,11966.7729915722,19772.4638009619,8190.16483198174,11165.4342919033,11892.9040224885,10524.6070236125,13482.874943763,13981.3143164718,11529.1691571959,12003.7409836877
144,7.401.T.L1,7,401,T,L1,m,m,33.36,3.9,300,31.31,5.09,4.26,4.14,2.66,2.97,4.03,2.09,7.03,24.74,20.8,23.64,20.2,45.37,37.8,47.66,40.2,7.401,1084.30651340996,879.611111111111,857.432950191571,715.770114942529,517.122605363985,665.708812260536,624.573333333333,729.842666666667,786.60153256705,591.415708812261,677.208,11.1816788380572,12124.3671949637,9835.52894683108,9587.53987421003,8003.51154716663,5782.29889307947,7443.74213836182,6983.77842414817,8160.86630097789,8795.52571068833,6613.02051572065,7572.32236256303
145,7.414.M.L1,7,414,M,L1,l,l,31.6,5.37,300,29.38,11.95,10.89,10.12,11.16,7.93,14.03,18.11,11.92,35.02,31,52.18,45.9,25.83,22.6,21.68,18.6,7.414,2411.36653895275,2120.2816091954,2242.36909323116,2358.39719029374,1667.27330779055,2323.08429118774,2389.66222222222,1979.21333333333,2300.38314176245,1995.17879948914,2184.43777777778,11.8509910513963,28577.0832747655,25127.4383770149,26574.2960578101,27949.3439978093,19758.8410508577,27530.8511465053,28319.8656114154,23455.6395021376,27261.8200278097,23644.8460986814,25887.7525567765
146,7.995.M.L1,7,995,M,L1,l,s,32.93,2.99,250,31.05,4.28,4.03,3.17,4.82,3.22,3.07,3.75,6.78,30.85,26.2,32.12,27.1,34.6,29.4,24.59,20.7,7.995,1296.00367816092,1185.46850574713,891.759540229885,1399.71425287356,1121.13402298851,968.974712643678,1173.88864,1131.21136,1145.73689655172,1045.05436781609,1152.55,12.66609176671,16415.3015175799,15015.2528803377,11295.1081703908,17728.9091740684,14200.3864179532,12273.1226299663,14868.5812381384,14328.0268933048,14512.0086722296,13236.7545239597,14598.3040657216
147,8.406.B.L1,8,406,B,L1,l,m,25.83,2.7,300,22.9,5.09,4.85,7.29,5.21,4.03,3.5,6.19,8.42,11.33,9.9,15.84,13.7,21.84,18.8,20.14,17.8,8.406,839.557471264368,754.599297573435,1117.48563218391,818.114942528736,708.015804597701,798.734195402299,718.361,1054.438,967.800287356322,753.375,886.3995,9.24119017469736,7758.51025454204,6973.39561456916,10326.8972445034,7560.35576866965,6542.90869697872,7381.25459874653,6638.51061508577,9744.26208542754,8943.62650658652,6962.08164786262,8191.38635025665
148,8.407.B.L1,8,407,B,L1,m,s,41.24,5.77,300,37.7,7.11,6.03,9.24,5.68,9.3,3.99,12.17,8.05,64.88,54.9,54.5,46.2,51.28,44,55.19,47.4,8.407,1872.3908045977,1519.82183908046,2536.02298850575,1470.12962962963,2638.39878671775,1297.96711366539,2420.32977777778,1535.04444444444,2003.07630906769,1968.18295019157,1977.68711111111,12.5223122080033,23446.6622305669,19031.6835695073,31756.8716287426,18409.4222084585,33038.8533364968,16253.5494330389,30308.1251236606,19222.3057864943,25083.1469186006,24646.2013847679,24765.2154550775
149,8.414.T.L1,8,414,T,L1,l,m,31.81,3.85,300,29.42,6.56,6.14,5.98,8.26,3.3,5.3,5.83,11.42,36.52,31.9,29.37,26.2,31.33,28.2,38.75,34.1,8.414,1332.52618135377,1200.35823754789,903.924010217114,1606.24249680715,833.844508301405,1214.71136653895,731.983444444444,1659.06822222222,1255.08325351213,1024.27793742018,1195.52583333333,11.5650769877265,15410.7678755175,13882.235430093,10453.9507692154,18576.3181365327,9643.47593429868,14048.2304718894,8465.4448887412,19187.2517178905,14515.134452874,11845.8532030941,13826.3483033158
150,8.415.M.L1,8,415,M,L1,l,m,53.21,7.56,350,49.49,6.36,6.27,6.49,9.93,9.61,8.33,10.69,14.08,118.51,100.8,71.18,63.1,67.83,58.5,93.9,80.6,8.415,1587.68754398311,1510.50668543279,1442.89842833685,2316.62585034014,2532.56134177809,2175.58128078818,1895.57910204082,2379.02995918367,1879.76213933849,2354.07131128313,2137.30453061224,11.9820081024031,19023.6850160901,18098.9033435898,17288.8206592769,27757.8297090121,30345.170517018,26067.8325338405,22712.8441593991,28505.5562467985,22523.3251841444,28206.5015254292,25609.2002030988
151,8.415.T.L1,8,415,T,L1,l,s,38,4.51,300,35.83,6.85,5.62,9.23,4.43,3.59,4.68,7.5,8.49,48.53,41.6,48.87,41.7,46.7,40.4,52.02,44.9,8.415,1662.19667943806,1324.79118773946,2186.33461047254,929.374201787995,971.83908045977,1429.85312899106,1503.53333333333,1244.28888888889,1557.85440613027,1200.84610472541,1373.91111111111,13.5917076649149,22592.0913485144,18006.1745408101,29716.0208832284,12631.7824620161,13208.9526789489,19434.1457330104,20435.5855311217,16912.0108284796,21173.9016726223,16321.5492059796,18673.7981798006
152,8.416.B.L1,8,416,B,L1,m,m,38.49,62.2,300,38.75,7.66,7.39,9.99,10.04,11.1,7.84,16.61,12.49,48.77,43.1,44.9,39.7,31.98,28.6,25.3,22.6,8.416,1882.71647509579,1822.48914431673,2449.25191570881,2651.41044061303,2822.23132183908,1861.82471264368,1942.88966666667,3069.79133333333,2550.33117816092,2342.02801724138,2506.3405,11.7076215842664,22042.1320408854,21337.0132430937,28674.9145936582,31041.7101032703,33041.6163393558,21797.5391918677,22746.6169973148,35939.9552733271,29858.3123484642,27419.5777656117,29343.2861353209
153,8.416.M.L1,8,416,M,L1,m,s,31.47,4.69,300,30.62,5.78,4.62,8.4,5.13,8.3,8.24,8.36,14.02,25.59,22.6,31.49,27.3,26.77,23.6,31.41,27.4,8.416,1161.53639846743,915.886973180077,1551.39463601533,877.683429118774,1915.63074712644,1785.51053639847,1251.457,1965.12666666667,1214.53903256705,1850.57064176245,1608.29183333333,10.4480304589464,12135.7676703627,9569.21499273771,16209.0184109343,9170.06320074552,20014.5683940714,18655.068469061,13075.2608540617,20531.7032690213,12689.5408058399,19334.8184315662,16803.4820615415
154,8.417.M.L1,8,417,M,L1,m,l,46.98,5.1,300,40.39,2.96,2.51,2.86,5.49,2.16,4.35,5.57,5.03,61.45,50.8,62.5,52.1,42.49,34.2,61.57,50.7,8.417,888,700.187420178799,725.25,1411.5,679.5,1430.25,1274.202,904.626,1068.375,1054.875,1089.414,10.7605532798407,9555.37131249857,7534.40404070819,7804.09126620449,15188.5209544952,7311.79595365178,15390.2813284922,13711.1185102796,9734.2762713292,11496.3061103498,11351.038641072,11722.6973908044
155,8.417.T.L1,8,417,T,L1,l,m,37.31,4.74,300,32.81,6.45,5.35,7.29,3.37,5.09,4.27,5.14,8.99,43.14,36.8,33.61,28.7,47.71,39,46.97,37.8,8.417,1536.71455938697,1197.77139208174,2013.21519795658,973.848180076628,1200.18598339719,1027.45450191571,1086.13555555556,1620.49766666667,1493.5316890166,1113.82024265645,1353.31661111111,11.6857064287234,17957.5952057411,13996.8048565905,23525.8417811648,11380.103938522,14025.0210618482,12006.5316782572,12692.2612440206,18936.6600010979,17452.9728598433,13015.7763700527,15814.4606225592
156,9.401.B.L1,9,401,B,L1,l,l,39.83,6.4,250,34.96,4.63,3.65,5.89,2.72,3.38,0,5.2,5.08,49.37,43.1,42.63,37.4,28.78,24.9,42.9,36.2,9.401,1695.7508045977,1255.09655172414,1536.4308045977,837.803448275862,1511.70873563218,335.121379310345,1191.7136,1222.94032,1187.11712643678,923.415057471264,1207.32696,9.24019024653229,15669.0600451929,11597.3309156977,14196.9129351154,7741.46325126974,13968.4763145861,3096.5853005079,11011.6603833799,11300.2012169551,10969.1880931926,8532.53080754702,11155.9308001675
157,9.407.M.L1,9,407,M,L1,l,m,24.72,3.74,300,21.91,9.12,8.24,8.19,7.36,5.69,5.07,11.89,7.47,11.71,10,14.09,12,18.21,15.8,19.41,16.4,9.407,1439.63218390805,1226.79182630907,1300.72030651341,1073.80459770115,883.984674329502,873.724137931034,1106.90666666667,1011.048,1187.26245210728,878.854406130268,1058.97733333333,12.7918081852842,18415.4987539136,15692.8857254201,16638.5646636236,13735.9024422694,11307.7623927539,11176.5115792666,14159.3377590124,12933.1320821152,15187.2335529465,11242.1369860103,13546.2349205637
158,9.411.B.L1,9,411,B,L1,m,l,44.81,4.56,300,40.88,7.96,7.55,6.95,12.93,5.56,4.95,5.79,5.04,44.59,38,48.81,42.8,72.24,62.5,75.02,64.3,9.411,2277.69859514687,2065.64335887612,1601.68566411239,2143.21136653895,1811.28544061303,1882.82120051086,1728.17233333333,1357.743,1872.44851532567,1847.05332056194,1542.95766666667,9.10041652285921,20728.0059293678,18798.2149534506,14576.0066821151,19504.1161320307,16483.4519513691,17134.4571627186,15727.0880566148,12356.0268309964,17040.0614070729,16808.9545570438,14041.5574438057
159,9.413.B.L1,9,413,B,L1,h,m,44.53,6.91,300,43.6,6.68,4.52,7.02,6.45,9.49,7.92,9.86,12.54,50.32,41.6,51.24,42.3,47.44,39.2,62.33,52,9.413,1899.49169859515,1271.86334610473,1829.11382503193,1653.52458492976,2360.14687100894,2409.19811621967,1846.51066666667,2380.37588888889,1741.31920498084,2384.6724936143,2113.44327777778,12.8524473752501,24413.1170959186,16346.5567243205,23508.5891795653,21251.837711492,30333.6634575036,30964.0920052649,23732.1811711713,30593.6558452586,22380.2134455286,30648.8777313842,27162.918508215
160,9.413.M.L1,9,413,M,L1,h,l,39.44,4.94,300,36.03,5.18,4.35,4.67,2.8,4.52,6.7,6.32,7.56,50.44,42.6,52.65,44.3,47.95,40.7,40.413,34.2,9.413,1304.59259259259,1048.19444444444,1278.77777777778,727.851851851852,1047.07407407407,1643.96296296296,1149.45688888889,1275.22666666667,1003.31481481481,1345.51851851852,1212.34177777778,12.8911974831732,16817.760746196,13512.4815840983,16484.9768704268,9382.88196071557,13498.0386683996,21192.6512105781,14817.8757530606,16439.1987958088,12933.9294155711,17345.3449394889,15628.5372744347
161,9.414.M.L1,9,414,M,L1,h,m,32.16,6.06,300,31.59,10.2,11.22,13.93,11.16,3.56,16.45,19.18,14.45,29.84,25.9,29.4,25.3,30.85,27.2,41.16,35.4,9.414,2094.71264367816,2283.76436781609,2200.47509578544,2247.19540229885,824.022988505747,3387.99233716475,2213.32266666667,2417.36,2223.83524904215,2106.00766283525,2315.34133333333,9.03283612904318,18921.1960477796,20628.8692918306,19876.5309462705,20298.5478189048,7443.26462173684,30603.1795880632,19992.5809486969,21835.6167449038,20087.5393825877,19023.2221049,20914.0988468003
162,9.416.B.L1,9,416,B,L1,l,m,33.78,5.6,300,32.61,7,5.64,8.52,2.88,5.26,4.18,6.57,9.18,33.19,28.4,37.24,31.7,29.65,25.3,30.03,25.7,9.416,1509.96168582375,1195.52873563218,1557.95689655172,579.17816091954,1297.48850574713,1180.46647509579,1272.00466666667,1142.51466666667,1068.56752873563,1238.97749042146,1207.25966666667,8.74816386131451,13209.3922518929,10458.6812802205,13629.2622198995,5066.74545661892,11350.642056448,10326.9141569263,11127.7052563568,9994.90551795516,9348.00383825919,10838.7781066872,10561.305387156
163,9.416.M.L1,9,416,M,L1,m,m,32.76,2.41,300,23.85,7.33,8.92,10.53,9.59,10.07,7.84,13.81,12.98,20.5,17.8,28.32,24.1,36.76,30.8,30.12,25.8,9.416,1533.40229885057,1612.26436781609,1822.09195402299,1927.73563218391,2167.78735632184,1734.75287356322,2000.908,1684.592,1874.91379310345,1951.27011494253,1842.75,7.52079757439375,11532.4082897652,12125.5139467527,13703.5847481385,14498.1094666011,16303.4898912267,13046.7252036668,15048.424032985,12669.4754274431,14100.8471073698,14675.1075474468,13858.9497302141
